2026-01-28 00:58:47,594 - Knowledge - INFO - Created shared MongoDB connection pool
2026-01-28 00:58:47,914 - Knowledge - INFO - Starting Knowledge Graph processing with 20 threads
2026-01-28 00:58:48,144 - Knowledge - INFO - Initial configuration: chunk_size=65536, max_cache_size=500
2026-01-28 00:58:48,350 - Knowledge - INFO - Knowledge Graph concurrency configuration: workers=20, max_batch_size=10, max_concurrent_llm_calls=50
2026-01-28 00:58:49,923 - Knowledge - INFO - 🔍 _load_persisted_knowledge called - checking for Redis optimization
2026-01-28 00:58:50,100 - Knowledge - WARNING - ❌ load_from_redis method not found - Redis support not attached
2026-01-28 00:58:50,279 - Knowledge - INFO - load persisted knowledge: begin
2026-01-28 00:58:50,440 - Knowledge - INFO - Loaded 0 files from persisted knowledge
2026-01-28 00:58:50,655 - Knowledge - INFO - load persisted knowledge: end
2026-01-28 00:58:50,822 - Knowledge - WARNING - No persisted knowledge found. Files will be queued during start()
2026-01-28 00:58:51,010 - Knowledge - INFO - Redis support added with prefix knowledge:b477683:
2026-01-28 00:58:51,401 - Knowledge - INFO - Starting knowledge initialization for ID: EdwKb4-b477683
2026-01-28 00:58:51,560 - Knowledge - INFO - 🔍 Checking Redis for build_id: b477683
2026-01-28 00:58:51,738 - Knowledge - INFO - 🔍 Full session ID: EdwKb4-b477683
2026-01-28 00:58:51,895 - Knowledge - INFO - 🔍 Redis prefix will be: knowledge:b477683:
2026-01-28 00:58:52,077 - Knowledge - INFO - 🔍 Using attached load_from_redis() method
2026-01-28 00:58:52,245 - Knowledge - INFO - 🔍 Attempting to load knowledge from Redis...
2026-01-28 00:58:52,400 - Knowledge - INFO - 🔍 Using derived instance_id for Redis lookup: b477683
2026-01-28 00:58:52,573 - Knowledge - WARNING - ❌ No Redis cache found
2026-01-28 00:58:52,748 - Knowledge - INFO - 📁 Loading knowledge from disk...
2026-01-28 00:58:52,962 - Knowledge - INFO - load persisted docinfo: begin
2026-01-28 00:58:53,138 - Knowledge - INFO - load persisted docinfo: end
2026-01-28 00:58:53,316 - Knowledge - INFO - 🔍 _load_persisted_knowledge called - checking for Redis optimization
2026-01-28 00:58:53,502 - Knowledge - INFO - ✅ load_from_redis method found - attempting Redis load
2026-01-28 00:58:53,690 - Knowledge - INFO - 🔍 Attempting to load knowledge from Redis...
2026-01-28 00:58:53,883 - Knowledge - INFO - 🔍 Using derived instance_id for Redis lookup: b477683
2026-01-28 00:58:54,104 - Knowledge - WARNING - ❌ No Redis cache found
2026-01-28 00:58:54,297 - Knowledge - INFO - ❌ Redis load returned False - falling back to file loading
2026-01-28 00:58:54,448 - Knowledge - INFO - load persisted knowledge: begin
2026-01-28 00:58:54,602 - Knowledge - INFO - Loaded 0 files from persisted knowledge
2026-01-28 00:58:54,810 - Knowledge - INFO - load persisted knowledge: end
2026-01-28 00:58:54,974 - Knowledge - INFO - 📁 Disk load complete in 2.05s
2026-01-28 00:58:55,144 - Knowledge - INFO - Populating ingest queue with source files...
2026-01-28 00:58:55,473 - Knowledge - INFO - Added 254 files from /app/data/T0015/311293/b477683/rest-api-311293 to ingest queue
2026-01-28 00:58:55,703 - Knowledge - INFO - [WEBSOCKET] Sent: Type=progress_update, Size: 160, Duration: 0ms
2026-01-28 00:58:55,865 - Knowledge - INFO - Worker kw1 created using shared MongoDB connection pool
2026-01-28 00:58:56,028 - Knowledge - INFO - knowledge worker kw1 start
2026-01-28 00:58:56,029 - Knowledge - INFO - Worker kw2 created using shared MongoDB connection pool
2026-01-28 00:58:56,182 - Knowledge - INFO - [kw1] Queue=254, InProgress=0, PendingWorkers=0/1, Completed=0/254 (0.0%)
2026-01-28 00:58:56,270 - Knowledge - INFO - knowledge worker kw2 start
2026-01-28 00:58:56,271 - Knowledge - INFO - Worker kw3 created using shared MongoDB connection pool
2026-01-28 00:58:56,355 - Knowledge - INFO - Batch sizing: calculated=6, max_allowed=10, queue=254, active_workers=0/2
2026-01-28 00:58:56,491 - Knowledge - INFO - [kw2] Queue=254, InProgress=0, PendingWorkers=0/2, Completed=0/254 (0.0%)
2026-01-28 00:58:56,579 - Knowledge - INFO - knowledge worker kw3 start
2026-01-28 00:58:56,579 - Knowledge - INFO - Worker kw4 created using shared MongoDB connection pool
2026-01-28 00:58:56,665 - Knowledge - INFO - Worker kw1 processing /app/data/T0015/311293/b477683/rest-api-311293/docker/mysql/initdb/02-default-data.sql
2026-01-28 00:58:56,776 - Knowledge - INFO - Batch sizing: calculated=6, max_allowed=10, queue=254, active_workers=1/3
2026-01-28 00:58:56,858 - Knowledge - INFO - [kw3] Queue=248, InProgress=0, PendingWorkers=1/3, Completed=0/254 (0.0%)
2026-01-28 00:58:56,938 - Knowledge - INFO - knowledge worker kw4 start
2026-01-28 00:58:56,940 - Knowledge - INFO - Worker kw5 created using shared MongoDB connection pool
2026-01-28 00:58:57,019 - Knowledge - INFO - Worker kw1 processing /app/data/T0015/311293/b477683/rest-api-311293/docker/mysql/initdb/01-schema.sql
2026-01-28 00:58:57,133 - Knowledge - INFO - Worker kw2 processing /app/data/T0015/311293/b477683/rest-api-311293/ng-api/Domain/AuditActions/UserAuditActions.cs
2026-01-28 00:58:57,232 - Knowledge - INFO - Batch sizing: calculated=6, max_allowed=10, queue=248, active_workers=2/4
2026-01-28 00:58:57,312 - Knowledge - INFO - [kw4] Queue=242, InProgress=0, PendingWorkers=2/4, Completed=0/254 (0.0%)
2026-01-28 00:58:57,433 - Knowledge - INFO - knowledge worker kw5 start
2026-01-28 00:58:57,433 - Knowledge - INFO - Worker kw6 created using shared MongoDB connection pool
2026-01-28 00:58:57,508 - Knowledge - INFO - Worker kw1 processing /app/data/T0015/311293/b477683/rest-api-311293/docker/mysql/initdb/00-databases.sql
2026-01-28 00:58:57,601 - Knowledge - INFO - Fast-tracked /app/data/T0015/311293/b477683/rest-api-311293/ng-api/Domain/AuditActions/UserAuditActions.cs (ext=.cs, size=240)
2026-01-28 00:58:57,677 - Knowledge - INFO - Worker kw3 processing /app/data/T0015/311293/b477683/rest-api-311293/ng-api/Domain/Entities/VulnerabilityCategory.cs
2026-01-28 00:58:57,772 - Knowledge - INFO - Batch sizing: calculated=6, max_allowed=10, queue=242, active_workers=3/5
2026-01-28 00:58:57,862 - Knowledge - INFO - [kw5] Queue=236, InProgress=0, PendingWorkers=3/5, Completed=0/254 (0.0%)
2026-01-28 00:58:57,983 - Knowledge - INFO - knowledge worker kw6 start
2026-01-28 00:58:57,983 - Knowledge - INFO - Worker kw7 created using shared MongoDB connection pool
2026-01-28 00:58:58,084 - Knowledge - INFO - Fast-tracked /app/data/T0015/311293/b477683/rest-api-311293/docker/mysql/initdb/00-databases.sql (ext=.sql, size=409)
2026-01-28 00:58:58,169 - Knowledge - INFO - Worker kw2 processing /app/data/T0015/311293/b477683/rest-api-311293/ng-api/Domain/Entities/Contact.cs
2026-01-28 00:58:58,260 - Knowledge - INFO - Fast-tracked /app/data/T0015/311293/b477683/rest-api-311293/ng-api/Domain/Entities/VulnerabilityCategory.cs (ext=.cs, size=915)
2026-01-28 00:58:58,346 - Knowledge - INFO - Worker kw4 processing /app/data/T0015/311293/b477683/rest-api-311293/ng-api/Domain/Entities/TimestampedEntity.cs
2026-01-28 00:58:58,435 - Knowledge - INFO - Batch sizing: calculated=6, max_allowed=10, queue=236, active_workers=4/6
2026-01-28 00:58:58,569 - Knowledge - INFO - [kw6] Queue=230, InProgress=0, PendingWorkers=4/6, Completed=0/254 (0.0%)
2026-01-28 00:58:58,648 - Knowledge - INFO - knowledge worker kw7 start
2026-01-28 00:58:58,648 - Knowledge - INFO - Worker kw8 created using shared MongoDB connection pool
2026-01-28 00:58:58,732 - Knowledge - INFO - Worker kw1 processing /app/data/T0015/311293/b477683/rest-api-311293/ng-api/Extensions/OpenApiExtensions.cs
2026-01-28 00:58:58,827 - Knowledge - INFO - Fast-tracked /app/data/T0015/311293/b477683/rest-api-311293/ng-api/Domain/Entities/Contact.cs (ext=.cs, size=799)
2026-01-28 00:58:58,911 - Knowledge - INFO - Worker kw3 processing /app/data/T0015/311293/b477683/rest-api-311293/ng-api/Domain/Entities/Organisation.cs
2026-01-28 00:58:58,997 - Knowledge - INFO - Fast-tracked /app/data/T0015/311293/b477683/rest-api-311293/ng-api/Domain/Entities/TimestampedEntity.cs (ext=.cs, size=321)
2026-01-28 00:58:59,084 - Knowledge - INFO - Worker kw5 processing /app/data/T0015/311293/b477683/rest-api-311293/ng-api/Domain/Entities/Document.cs
2026-01-28 00:58:59,163 - Knowledge - INFO - Batch sizing: calculated=6, max_allowed=10, queue=230, active_workers=5/7
2026-01-28 00:58:59,251 - Knowledge - INFO - [kw7] Queue=224, InProgress=0, PendingWorkers=5/7, Completed=0/254 (0.0%)
2026-01-28 00:58:59,327 - Knowledge - INFO - knowledge worker kw8 start
2026-01-28 00:58:59,327 - Knowledge - INFO - Worker kw9 created using shared MongoDB connection pool
2026-01-28 00:58:59,409 - Knowledge - INFO - Fast-tracked /app/data/T0015/311293/b477683/rest-api-311293/ng-api/Extensions/OpenApiExtensions.cs (ext=.cs, size=689)
2026-01-28 00:58:59,495 - Knowledge - INFO - Worker kw2 processing /app/data/T0015/311293/b477683/rest-api-311293/ng-api/Domain/Entities/Report.cs
2026-01-28 00:58:59,584 - Knowledge - INFO - Fast-tracked /app/data/T0015/311293/b477683/rest-api-311293/ng-api/Domain/Entities/Organisation.cs (ext=.cs, size=998)
2026-01-28 00:58:59,660 - Knowledge - INFO - Worker kw4 processing /app/data/T0015/311293/b477683/rest-api-311293/ng-api/Domain/Entities/ProjectCategory.cs
2026-01-28 00:58:59,781 - Knowledge - INFO - Fast-tracked /app/data/T0015/311293/b477683/rest-api-311293/ng-api/Domain/Entities/Document.cs (ext=.cs, size=978)
2026-01-28 00:58:59,859 - Knowledge - INFO - Worker kw6 processing /app/data/T0015/311293/b477683/rest-api-311293/ng-api/Domain/Entities/Notification.cs
2026-01-28 00:58:59,937 - Knowledge - INFO - Batch sizing: calculated=6, max_allowed=10, queue=224, active_workers=6/8
2026-01-28 00:59:00,067 - Knowledge - INFO - [kw8] Queue=218, InProgress=0, PendingWorkers=6/8, Completed=0/254 (0.0%)
2026-01-28 00:59:00,158 - Knowledge - INFO - knowledge worker kw9 start
2026-01-28 00:59:00,159 - Knowledge - INFO - Worker kw10 created using shared MongoDB connection pool
2026-01-28 00:59:00,248 - Knowledge - INFO - Worker kw1 processing /app/data/T0015/311293/b477683/rest-api-311293/ng-api/Extensions/CorsExtensions.cs
2026-01-28 00:59:00,336 - Knowledge - INFO - Fast-tracked /app/data/T0015/311293/b477683/rest-api-311293/ng-api/Domain/Entities/Report.cs (ext=.cs, size=802)
2026-01-28 00:59:00,423 - Knowledge - INFO - Worker kw3 processing /app/data/T0015/311293/b477683/rest-api-311293/ng-api/Domain/Entities/Secret.cs
2026-01-28 00:59:00,520 - Knowledge - INFO - Fast-tracked /app/data/T0015/311293/b477683/rest-api-311293/ng-api/Domain/Entities/ProjectCategory.cs (ext=.cs, size=454)
2026-01-28 00:59:00,602 - Knowledge - INFO - Worker kw5 processing /app/data/T0015/311293/b477683/rest-api-311293/ng-api/Domain/Entities/Agent.cs
2026-01-28 00:59:00,699 - Knowledge - INFO - Fast-tracked /app/data/T0015/311293/b477683/rest-api-311293/ng-api/Domain/Entities/Notification.cs (ext=.cs, size=655)
2026-01-28 00:59:00,770 - Knowledge - INFO - Worker kw7 processing /app/data/T0015/311293/b477683/rest-api-311293/ng-api/Application/Services/SystemUsageService.cs
2026-01-28 00:59:00,845 - Knowledge - INFO - Batch sizing: calculated=6, max_allowed=10, queue=218, active_workers=7/9
2026-01-28 00:59:00,919 - Knowledge - INFO - [kw9] Queue=212, InProgress=0, PendingWorkers=7/9, Completed=0/254 (0.0%)
2026-01-28 00:59:00,994 - Knowledge - INFO - knowledge worker kw10 start
2026-01-28 00:59:00,994 - Knowledge - INFO - Worker kw11 created using shared MongoDB connection pool
2026-01-28 00:59:01,071 - Knowledge - INFO - Fast-tracked /app/data/T0015/311293/b477683/rest-api-311293/ng-api/Extensions/CorsExtensions.cs (ext=.cs, size=674)
2026-01-28 00:59:01,180 - Knowledge - INFO - Worker kw2 processing /app/data/T0015/311293/b477683/rest-api-311293/ng-api/Domain/Entities/CommandSchedule.cs
2026-01-28 00:59:01,266 - Knowledge - INFO - Fast-tracked /app/data/T0015/311293/b477683/rest-api-311293/ng-api/Domain/Entities/Secret.cs (ext=.cs, size=1148)
2026-01-28 00:59:01,347 - Knowledge - INFO - Worker kw4 processing /app/data/T0015/311293/b477683/rest-api-311293/ng-api/Domain/Entities/AuditEvent.cs
2026-01-28 00:59:01,486 - Knowledge - INFO - Fast-tracked /app/data/T0015/311293/b477683/rest-api-311293/ng-api/Domain/Entities/Agent.cs (ext=.cs, size=1159)
2026-01-28 00:59:01,571 - Knowledge - INFO - Worker kw6 processing /app/data/T0015/311293/b477683/rest-api-311293/ng-api/Domain/Entities/UserInfo.cs
2026-01-28 00:59:01,702 - Knowledge - INFO - Fast-tracked /app/data/T0015/311293/b477683/rest-api-311293/ng-api/Application/Services/SystemUsageService.cs (ext=.cs, size=1072)
2026-01-28 00:59:01,782 - Knowledge - INFO - Worker kw8 processing /app/data/T0015/311293/b477683/rest-api-311293/ng-api/Application/CommandProcessors/ProcessorResult.cs
2026-01-28 00:59:01,861 - Knowledge - INFO - Batch sizing: calculated=6, max_allowed=10, queue=212, active_workers=8/10
2026-01-28 00:59:01,982 - Knowledge - INFO - [kw10] Queue=206, InProgress=0, PendingWorkers=8/10, Completed=0/254 (0.0%)
2026-01-28 00:59:02,079 - Knowledge - INFO - knowledge worker kw11 start
2026-01-28 00:59:02,079 - Knowledge - INFO - Worker kw12 created using shared MongoDB connection pool
2026-01-28 00:59:02,155 - Knowledge - INFO - Worker kw1 processing /app/data/T0015/311293/b477683/rest-api-311293/ng-api/Domain/AuditActions/AuditActions.cs
2026-01-28 00:59:02,237 - Knowledge - INFO - Fast-tracked /app/data/T0015/311293/b477683/rest-api-311293/ng-api/Domain/Entities/CommandSchedule.cs (ext=.cs, size=715)
2026-01-28 00:59:02,317 - Knowledge - INFO - Worker kw3 processing /app/data/T0015/311293/b477683/rest-api-311293/ng-api/Domain/Entities/Note.cs
2026-01-28 00:59:02,442 - Knowledge - INFO - Fast-tracked /app/data/T0015/311293/b477683/rest-api-311293/ng-api/Domain/Entities/AuditEvent.cs (ext=.cs, size=1189)
2026-01-28 00:59:02,541 - Knowledge - INFO - Worker kw5 processing /app/data/T0015/311293/b477683/rest-api-311293/ng-api/Domain/Entities/CreationTimestampedEntity.cs
2026-01-28 00:59:02,620 - Knowledge - INFO - Fast-tracked /app/data/T0015/311293/b477683/rest-api-311293/ng-api/Domain/Entities/UserInfo.cs (ext=.cs, size=1146)
2026-01-28 00:59:02,702 - Knowledge - INFO - Worker kw7 processing /app/data/T0015/311293/b477683/rest-api-311293/ng-api/Application/CommandProcessors/NmapProcessor.cs
2026-01-28 00:59:02,793 - Knowledge - INFO - Fast-tracked /app/data/T0015/311293/b477683/rest-api-311293/ng-api/Application/CommandProcessors/ProcessorResult.cs (ext=.cs, size=385)
2026-01-28 00:59:02,862 - Knowledge - INFO - Worker kw9 processing /app/data/T0015/311293/b477683/rest-api-311293/ng-api/Infrastructure/Http/SecurityHeadersMiddleware.cs
2026-01-28 00:59:02,941 - Knowledge - INFO - Batch sizing: calculated=6, max_allowed=10, queue=206, active_workers=9/11
2026-01-28 00:59:03,023 - Knowledge - INFO - [kw11] Queue=200, InProgress=0, PendingWorkers=9/11, Completed=0/254 (0.0%)
2026-01-28 00:59:03,117 - Knowledge - INFO - knowledge worker kw12 start
2026-01-28 00:59:03,118 - Knowledge - INFO - Worker kw13 created using shared MongoDB connection pool
2026-01-28 00:59:03,210 - Knowledge - INFO - Fast-tracked /app/data/T0015/311293/b477683/rest-api-311293/ng-api/Domain/AuditActions/AuditActions.cs (ext=.cs, size=243)
2026-01-28 00:59:03,308 - Knowledge - INFO - Worker kw2 processing /app/data/T0015/311293/b477683/rest-api-311293/ng-api/Domain/Entities/CommandUsage.cs
2026-01-28 00:59:03,404 - Knowledge - INFO - Fast-tracked /app/data/T0015/311293/b477683/rest-api-311293/ng-api/Domain/Entities/Note.cs (ext=.cs, size=747)
2026-01-28 00:59:03,485 - Knowledge - INFO - Worker kw4 processing /app/data/T0015/311293/b477683/rest-api-311293/ng-api/Domain/Entities/Attachment.cs
2026-01-28 00:59:03,570 - Knowledge - INFO - Fast-tracked /app/data/T0015/311293/b477683/rest-api-311293/ng-api/Domain/Entities/CreationTimestampedEntity.cs (ext=.cs, size=301)
2026-01-28 00:59:03,661 - Knowledge - INFO - Worker kw6 processing /app/data/T0015/311293/b477683/rest-api-311293/ng-api/Application/Services/ProcessorIntegrationFactory.cs
2026-01-28 00:59:03,776 - Knowledge - INFO - Worker kw7 processing /app/data/T0015/311293/b477683/rest-api-311293/ng-api/Application/CommandProcessors/SubfinderProcessor.cs
2026-01-28 00:59:03,858 - Knowledge - INFO - Worker kw8 processing /app/data/T0015/311293/b477683/rest-api-311293/ng-api/Program.cs
2026-01-28 00:59:03,964 - Knowledge - INFO - Fast-tracked /app/data/T0015/311293/b477683/rest-api-311293/ng-api/Infrastructure/Http/SecurityHeadersMiddleware.cs (ext=.cs, size=881)
2026-01-28 00:59:04,059 - Knowledge - INFO - Worker kw10 processing /app/data/T0015/311293/b477683/rest-api-311293/ng-api/Infrastructure/Redis/RedisQueueListener.cs
2026-01-28 00:59:04,137 - Knowledge - INFO - Batch sizing: calculated=5, max_allowed=10, queue=200, active_workers=10/12
2026-01-28 00:59:04,218 - Knowledge - INFO - [kw12] Queue=194, InProgress=0, PendingWorkers=10/12, Completed=0/254 (0.0%)
2026-01-28 00:59:04,329 - Knowledge - INFO - knowledge worker kw13 start
2026-01-28 00:59:04,329 - Knowledge - INFO - Worker kw14 created using shared MongoDB connection pool
2026-01-28 00:59:04,527 - Knowledge - INFO - Fast-tracked /app/data/T0015/311293/b477683/rest-api-311293/ng-api/Domain/Entities/CommandUsage.cs (ext=.cs, size=1380)
2026-01-28 00:59:04,630 - Knowledge - INFO - Worker kw3 processing /app/data/T0015/311293/b477683/rest-api-311293/ng-api/Domain/Entities/Vulnerability.cs
2026-01-28 00:59:04,706 - Knowledge - INFO - Fast-tracked /app/data/T0015/311293/b477683/rest-api-311293/ng-api/Domain/Entities/Attachment.cs (ext=.cs, size=1244)
2026-01-28 00:59:04,791 - Knowledge - INFO - Worker kw5 processing /app/data/T0015/311293/b477683/rest-api-311293/ng-api/Domain/Entities/CustomField.cs
2026-01-28 00:59:04,887 - Knowledge - INFO - Worker kw6 processing /app/data/T0015/311293/b477683/rest-api-311293/ng-api/Application/Services/AuditService.cs
2026-01-28 00:59:04,967 - Knowledge - INFO - Fast-tracked /app/data/T0015/311293/b477683/rest-api-311293/ng-api/Application/CommandProcessors/SubfinderProcessor.cs (ext=.cs, size=1544)
2026-01-28 00:59:05,064 - Knowledge - INFO - Worker kw8 processing /app/data/T0015/311293/b477683/rest-api-311293/ng-api/appsettings.json
2026-01-28 00:59:05,150 - Knowledge - INFO - Worker kw9 processing /app/data/T0015/311293/b477683/rest-api-311293/ng-api/Infrastructure/WebSockets/WebSocketConnectionManager.cs
2026-01-28 00:59:05,240 - Knowledge - INFO - Worker kw10 processing /app/data/T0015/311293/b477683/rest-api-311293/ng-api/Infrastructure/Redis/RedisExtensions.cs
2026-01-28 00:59:05,354 - Knowledge - INFO - Worker kw11 processing /app/data/T0015/311293/b477683/rest-api-311293/ng-api/Common/PaginationRequestHandler.cs
2026-01-28 00:59:05,431 - Knowledge - INFO - Batch sizing: calculated=5, max_allowed=10, queue=194, active_workers=11/13
2026-01-28 00:59:05,521 - Knowledge - INFO - [kw13] Queue=189, InProgress=0, PendingWorkers=11/13, Completed=0/254 (0.0%)
2026-01-28 00:59:05,644 - Knowledge - INFO - knowledge worker kw14 start
2026-01-28 00:59:05,644 - Knowledge - INFO - Worker kw15 created using shared MongoDB connection pool
2026-01-28 00:59:05,728 - Knowledge - INFO - Worker kw2 processing /app/data/T0015/311293/b477683/rest-api-311293/ng-api/Domain/Entities/Asset.cs
2026-01-28 00:59:05,807 - Knowledge - INFO - Worker kw3 processing /app/data/T0015/311293/b477683/rest-api-311293/ng-api/Domain/Entities/ProjectTask.cs
2026-01-28 00:59:05,894 - Knowledge - INFO - Worker kw4 processing /app/data/T0015/311293/b477683/rest-api-311293/ng-api/Domain/Entities/User.cs
2026-01-28 00:59:05,981 - Knowledge - INFO - Fast-tracked /app/data/T0015/311293/b477683/rest-api-311293/ng-api/Domain/Entities/CustomField.cs (ext=.cs, size=915)
2026-01-28 00:59:06,080 - Knowledge - INFO - Fast-tracked /app/data/T0015/311293/b477683/rest-api-311293/ng-api/Application/Services/AuditService.cs (ext=.cs, size=540)
2026-01-28 00:59:06,157 - Knowledge - INFO - Worker kw7 processing /app/data/T0015/311293/b477683/rest-api-311293/ng-api/Application/CommandProcessors/TestsslProcessor.cs
2026-01-28 00:59:06,286 - Knowledge - INFO - Fast-tracked /app/data/T0015/311293/b477683/rest-api-311293/ng-api/appsettings.json (ext=.json, size=773)
2026-01-28 00:59:06,367 - Knowledge - INFO - Fast-tracked /app/data/T0015/311293/b477683/rest-api-311293/ng-api/Infrastructure/WebSockets/WebSocketConnectionManager.cs (ext=.cs, size=1959)
2026-01-28 00:59:06,707 - Knowledge - INFO - Fast-tracked /app/data/T0015/311293/b477683/rest-api-311293/ng-api/Infrastructure/Redis/RedisExtensions.cs (ext=.cs, size=1012)
2026-01-28 00:59:06,789 - Knowledge - INFO - Fast-tracked /app/data/T0015/311293/b477683/rest-api-311293/ng-api/Common/PaginationRequestHandler.cs (ext=.cs, size=488)
2026-01-28 00:59:06,927 - Knowledge - INFO - Worker kw12 processing /app/data/T0015/311293/b477683/rest-api-311293/ng-api/Controllers/VulnerabilitiesCategoriesController.cs
2026-01-28 00:59:07,021 - Knowledge - INFO - Batch sizing: calculated=5, max_allowed=10, queue=189, active_workers=12/14
2026-01-28 00:59:07,110 - Knowledge - INFO - [kw14] Queue=184, InProgress=0, PendingWorkers=12/14, Completed=0/254 (0.0%)
2026-01-28 00:59:07,198 - Knowledge - INFO - knowledge worker kw15 start
2026-01-28 00:59:07,198 - Knowledge - INFO - Worker kw16 created using shared MongoDB connection pool
2026-01-28 00:59:07,278 - Knowledge - INFO - Fast-tracked /app/data/T0015/311293/b477683/rest-api-311293/ng-api/Domain/Entities/Asset.cs (ext=.cs, size=668)
2026-01-28 00:59:07,395 - Knowledge - INFO - Fast-tracked /app/data/T0015/311293/b477683/rest-api-311293/ng-api/Domain/Entities/ProjectTask.cs (ext=.cs, size=1276)
2026-01-28 00:59:07,468 - Knowledge - INFO - Fast-tracked /app/data/T0015/311293/b477683/rest-api-311293/ng-api/Domain/Entities/User.cs (ext=.cs, size=1766)
2026-01-28 00:59:07,567 - Knowledge - INFO - Worker kw5 processing /app/data/T0015/311293/b477683/rest-api-311293/ng-api/Domain/Entities/ProjectMember.cs
2026-01-28 00:59:07,641 - Knowledge - INFO - Worker kw6 processing /app/data/T0015/311293/b477683/rest-api-311293/ng-api/Application/Services/CommandResultProcessor.cs
2026-01-28 00:59:07,758 - Knowledge - INFO - Worker kw7 processing /app/data/T0015/311293/b477683/rest-api-311293/ng-api/Application/CommandProcessors/IProcessor.cs
2026-01-28 00:59:07,848 - Knowledge - INFO - Worker kw8 processing /app/data/T0015/311293/b477683/rest-api-311293/ng-api/Infrastructure/Authentication/AuthenticationExtensions.cs
2026-01-28 00:59:07,929 - Knowledge - INFO - Worker kw9 processing /app/data/T0015/311293/b477683/rest-api-311293/ng-api/Infrastructure/WebSockets/WebSocketExtensions.cs
2026-01-28 00:59:08,020 - Knowledge - INFO - Worker kw10 processing /app/data/T0015/311293/b477683/rest-api-311293/ng-api/wwwroot/robots.txt
2026-01-28 00:59:08,101 - Knowledge - INFO - Worker kw11 processing /app/data/T0015/311293/b477683/rest-api-311293/ng-api/Common/AiService.cs
2026-01-28 00:59:08,234 - Knowledge - INFO - Fast-tracked /app/data/T0015/311293/b477683/rest-api-311293/ng-api/Controllers/VulnerabilitiesCategoriesController.cs (ext=.cs, size=1693)
2026-01-28 00:59:08,332 - Knowledge - INFO - Worker kw13 processing /app/data/T0015/311293/b477683/rest-api-311293/ng-api/Controllers/WsController.cs
2026-01-28 00:59:08,335 - Knowledge - INFO - [LLM_CALL] Completed: 01-schema.sql:chunk1, Duration: 2909ms, PromptTokens: 9986, CompletionTokens: 59, Cost: $0.00102
2026-01-28 00:59:08,414 - Knowledge - INFO - Batch sizing: calculated=5, max_allowed=10, queue=184, active_workers=13/15
2026-01-28 00:59:08,501 - Knowledge - INFO - [kw15] Queue=179, InProgress=0, PendingWorkers=13/15, Completed=0/254 (0.0%)
2026-01-28 00:59:08,580 - Knowledge - INFO - knowledge worker kw16 start
2026-01-28 00:59:08,581 - Knowledge - INFO - Worker kw17 created using shared MongoDB connection pool
2026-01-28 00:59:08,850 - Knowledge - INFO - Worker kw4 processing /app/data/T0015/311293/b477683/rest-api-311293/ng-api/Domain/Entities/Command.cs
2026-01-28 00:59:08,980 - Knowledge - INFO - Fast-tracked /app/data/T0015/311293/b477683/rest-api-311293/ng-api/Domain/Entities/ProjectMember.cs (ext=.cs, size=576)
2026-01-28 00:59:09,068 - Knowledge - INFO - Worker kw6 processing /app/data/T0015/311293/b477683/rest-api-311293/ng-api/Application/Services/AttachmentFilePath.cs
2026-01-28 00:59:09,168 - Knowledge - INFO - Fast-tracked /app/data/T0015/311293/b477683/rest-api-311293/ng-api/Application/CommandProcessors/IProcessor.cs (ext=.cs, size=290)
2026-01-28 00:59:09,252 - Knowledge - INFO - Fast-tracked /app/data/T0015/311293/b477683/rest-api-311293/ng-api/Infrastructure/Authentication/AuthenticationExtensions.cs (ext=.cs, size=1602)
2026-01-28 00:59:09,339 - Knowledge - INFO - Fast-tracked /app/data/T0015/311293/b477683/rest-api-311293/ng-api/Infrastructure/WebSockets/WebSocketExtensions.cs (ext=.cs, size=330)
2026-01-28 00:59:09,460 - Knowledge - INFO - Fast-tracked /app/data/T0015/311293/b477683/rest-api-311293/ng-api/wwwroot/robots.txt (ext=.txt, size=25)
2026-01-28 00:59:09,544 - Knowledge - INFO - Worker kw11 processing /app/data/T0015/311293/b477683/rest-api-311293/ng-api/Common/AuditAttribute.cs
2026-01-28 00:59:09,660 - Knowledge - INFO - Worker kw12 processing /app/data/T0015/311293/b477683/rest-api-311293/ng-api/Controllers/AttachmentsController.cs
2026-01-28 00:59:09,746 - Knowledge - INFO - Worker kw13 processing /app/data/T0015/311293/b477683/rest-api-311293/ng-api/Controllers/VulnerabilitiesController.cs
2026-01-28 00:59:09,825 - Knowledge - INFO - done ingest for /app/data/T0015/311293/b477683/rest-api-311293/docker/mysql/initdb/01-schema.sql
2026-01-28 00:59:09,825 - Knowledge - INFO - Processing batch of 6 files
2026-01-28 00:59:09,922 - Knowledge - INFO - Worker kw14 processing /app/data/T0015/311293/b477683/rest-api-311293/ng-api/Controllers/UsersController.cs
2026-01-28 00:59:10,014 - Knowledge - INFO - Batch sizing: calculated=5, max_allowed=10, queue=179, active_workers=14/16
2026-01-28 00:59:10,089 - Knowledge - INFO - [kw16] Queue=174, InProgress=0, PendingWorkers=14/16, Completed=6/254 (2.4%)
2026-01-28 00:59:10,217 - Knowledge - INFO - knowledge worker kw17 start
2026-01-28 00:59:10,219 - Knowledge - INFO - Worker kw18 created using shared MongoDB connection pool
2026-01-28 00:59:10,352 - Knowledge - INFO - Fast-tracked /app/data/T0015/311293/b477683/rest-api-311293/ng-api/Domain/Entities/Command.cs (ext=.cs, size=759)
2026-01-28 00:59:10,463 - Knowledge - INFO - Worker kw5 processing /app/data/T0015/311293/b477683/rest-api-311293/ng-api/Domain/Entities/Project.cs
2026-01-28 00:59:10,561 - Knowledge - INFO - Fast-tracked /app/data/T0015/311293/b477683/rest-api-311293/ng-api/Application/Services/AttachmentFilePath.cs (ext=.cs, size=610)
2026-01-28 00:59:10,648 - Knowledge - INFO - Worker kw7 processing /app/data/T0015/311293/b477683/rest-api-311293/ng-api/Application/CommandProcessors/ShcheckProcessor.cs
2026-01-28 00:59:10,769 - Knowledge - INFO - Worker kw8 processing /app/data/T0015/311293/b477683/rest-api-311293/ng-api/Infrastructure/Authentication/DbUsersResolverMiddleware.cs
2026-01-28 00:59:10,868 - Knowledge - INFO - Worker kw9 processing /app/data/T0015/311293/b477683/rest-api-311293/ng-api/Infrastructure/Persistence/AppDbContext.cs
2026-01-28 00:59:10,951 - Knowledge - INFO - Worker kw10 processing /app/data/T0015/311293/b477683/rest-api-311293/ng-api/Common/Extensions/HttpContextExtensions.cs
2026-01-28 00:59:11,032 - Knowledge - INFO - Fast-tracked /app/data/T0015/311293/b477683/rest-api-311293/ng-api/Common/AuditAttribute.cs (ext=.cs, size=1436)
2026-01-28 00:59:11,109 - Knowledge - INFO - Worker kw12 processing /app/data/T0015/311293/b477683/rest-api-311293/ng-api/Controllers/ProjectsController.cs
2026-01-28 00:59:11,189 - Knowledge - INFO - Worker kw13 processing /app/data/T0015/311293/b477683/rest-api-311293/ng-api/Controllers/ProjectMembersController.cs
2026-01-28 00:59:11,302 - Knowledge - INFO - [LLM_CALL] Completed: 02-default-data.sql:chunk1, Duration: 6864ms, PromptTokens: 10082, CompletionTokens: 100, Cost: $0.00105
2026-01-28 00:59:11,354 - Knowledge - INFO - process ingested knowledge for /app/data/T0015/311293/b477683/rest-api-311293/ng-api/Domain/AuditActions/UserAuditActions.cs
2026-01-28 00:59:11,468 - Knowledge - INFO - Worker kw14 processing /app/data/T0015/311293/b477683/rest-api-311293/ng-api/Controllers/DocumentsController.cs
2026-01-28 00:59:11,638 - Knowledge - INFO - Batch sizing: calculated=5, max_allowed=10, queue=174, active_workers=15/17
2026-01-28 00:59:11,728 - Knowledge - INFO - [kw17] Queue=169, InProgress=0, PendingWorkers=15/17, Completed=6/254 (2.4%)
2026-01-28 00:59:11,847 - Knowledge - INFO - knowledge worker kw18 start
2026-01-28 00:59:11,847 - Knowledge - INFO - Worker kw19 created using shared MongoDB connection pool
2026-01-28 00:59:12,023 - Knowledge - INFO - Fast-tracked /app/data/T0015/311293/b477683/rest-api-311293/ng-api/Domain/Entities/Project.cs (ext=.cs, size=1893)
2026-01-28 00:59:12,112 - Knowledge - INFO - Fast-tracked /app/data/T0015/311293/b477683/rest-api-311293/ng-api/Application/Services/ProcessorIntegrationFactory.cs (small file (2309 bytes))
2026-01-28 00:59:12,196 - Knowledge - INFO - Fast-tracked /app/data/T0015/311293/b477683/rest-api-311293/ng-api/Application/CommandProcessors/ShcheckProcessor.cs (ext=.cs, size=1939)
2026-01-28 00:59:12,285 - Knowledge - INFO - Fast-tracked /app/data/T0015/311293/b477683/rest-api-311293/ng-api/Infrastructure/Authentication/DbUsersResolverMiddleware.cs (ext=.cs, size=953)
2026-01-28 00:59:12,376 - Knowledge - INFO - Worker kw9 processing /app/data/T0015/311293/b477683/rest-api-311293/ng-api/Infrastructure/Persistence/DbExtensions.cs
2026-01-28 00:59:12,472 - Knowledge - INFO - Fast-tracked /app/data/T0015/311293/b477683/rest-api-311293/ng-api/Common/Extensions/HttpContextExtensions.cs (ext=.cs, size=238)
2026-01-28 00:59:12,587 - Knowledge - INFO - Worker kw11 processing /app/data/T0015/311293/b477683/rest-api-311293/ng-api/Properties/launchSettings.json
2026-01-28 00:59:12,710 - Knowledge - INFO - Worker kw12 processing /app/data/T0015/311293/b477683/rest-api-311293/ng-api/Controllers/NotificationsController.cs
2026-01-28 00:59:12,832 - Knowledge - INFO - Worker kw13 processing /app/data/T0015/311293/b477683/rest-api-311293/ng-api/Controllers/AgentsController.cs
2026-01-28 00:59:12,922 - Knowledge - INFO - done ingest for /app/data/T0015/311293/b477683/rest-api-311293/docker/mysql/initdb/02-default-data.sql
2026-01-28 00:59:12,923 - Knowledge - INFO - Worker kw15 processing /app/data/T0015/311293/b477683/rest-api-311293/ng-api/Controllers/NotesController.cs
2026-01-28 00:59:12,923 - Knowledge - INFO - Processing batch of 6 files
2026-01-28 00:59:13,002 - Knowledge - INFO - process ingested knowledge for /app/data/T0015/311293/b477683/rest-api-311293/ng-api/Domain/Entities/Contact.cs
2026-01-28 00:59:13,082 - Knowledge - INFO - Worker kw14 processing /app/data/T0015/311293/b477683/rest-api-311293/ng-api/Controllers/SearchesController.cs
2026-01-28 00:59:13,207 - Knowledge - INFO - Worker kw16 processing /app/data/T0015/311293/b477683/rest-api-311293/ng-api/Controllers/OrganisationContactsController.cs
2026-01-28 00:59:13,297 - Knowledge - INFO - Batch sizing: calculated=5, max_allowed=10, queue=169, active_workers=16/18
2026-01-28 00:59:13,379 - Knowledge - INFO - [kw18] Queue=164, InProgress=0, PendingWorkers=16/18, Completed=12/254 (4.7%)
2026-01-28 00:59:13,461 - Knowledge - INFO - knowledge worker kw19 start
2026-01-28 00:59:13,461 - Knowledge - INFO - Worker kw20 created using shared MongoDB connection pool
2026-01-28 00:59:13,537 - Knowledge - INFO - Processing batch of 6 files
2026-01-28 00:59:13,724 - Knowledge - INFO - Fast-tracked /app/data/T0015/311293/b477683/rest-api-311293/ng-api/Application/CommandProcessors/NmapProcessor.cs (small file (2251 bytes))
2026-01-28 00:59:13,804 - Knowledge - INFO - [LLM_CALL] Completed: Vulnerability.cs:chunk1, Duration: 3977ms, PromptTokens: 2630, CompletionTokens: 199, Cost: $0.00034
2026-01-28 00:59:13,804 - Knowledge - INFO - Worker kw8 processing /app/data/T0015/311293/b477683/rest-api-311293/ng-api/Infrastructure/Authentication/RoleClaimsTransformation.cs
2026-01-28 00:59:13,926 - Knowledge - INFO - Fast-tracked /app/data/T0015/311293/b477683/rest-api-311293/ng-api/Infrastructure/Persistence/DbExtensions.cs (ext=.cs, size=519)
2026-01-28 00:59:14,042 - Knowledge - INFO - Worker kw10 processing /app/data/T0015/311293/b477683/rest-api-311293/ng-api/Common/DataEncryptor.cs
2026-01-28 00:59:14,137 - Knowledge - INFO - Fast-tracked /app/data/T0015/311293/b477683/rest-api-311293/ng-api/Properties/launchSettings.json (ext=.json, size=621)
2026-01-28 00:59:14,218 - Knowledge - INFO - Worker kw12 processing /app/data/T0015/311293/b477683/rest-api-311293/ng-api/Controllers/SystemDataImportController.cs
2026-01-28 00:59:14,297 - Knowledge - INFO - Worker kw13 processing /app/data/T0015/311293/b477683/rest-api-311293/ng-api/Controllers/CommandsController.cs
2026-01-28 00:59:14,512 - Knowledge - INFO - Fast-tracked /app/data/T0015/311293/b477683/rest-api-311293/ng-api/Controllers/NotesController.cs (ext=.cs, size=1506)
2026-01-28 00:59:14,634 - Knowledge - INFO - process ingested knowledge for /app/data/T0015/311293/b477683/rest-api-311293/ng-api/Domain/Entities/TimestampedEntity.cs
2026-01-28 00:59:14,766 - Knowledge - INFO - process ingested knowledge for /app/data/T0015/311293/b477683/rest-api-311293/ng-api/Domain/Entities/Report.cs
2026-01-28 00:59:14,847 - Knowledge - INFO - Fast-tracked /app/data/T0015/311293/b477683/rest-api-311293/ng-api/Controllers/SearchesController.cs (ext=.cs, size=878)
2026-01-28 00:59:14,943 - Knowledge - INFO - Fast-tracked /app/data/T0015/311293/b477683/rest-api-311293/ng-api/Controllers/OrganisationContactsController.cs (ext=.cs, size=1572)
2026-01-28 00:59:15,127 - Knowledge - INFO - Batch sizing: calculated=5, max_allowed=10, queue=164, active_workers=17/19
2026-01-28 00:59:15,256 - Knowledge - INFO - [kw19] Queue=159, InProgress=0, PendingWorkers=17/19, Completed=24/254 (9.4%)
2026-01-28 00:59:15,338 - Knowledge - INFO - knowledge worker kw20 start
2026-01-28 00:59:15,422 - Knowledge - INFO - process ingested knowledge for /app/data/T0015/311293/b477683/rest-api-311293/ng-api/Domain/Entities/Document.cs
2026-01-28 00:59:15,509 - Knowledge - INFO - Fast-tracked /app/data/T0015/311293/b477683/rest-api-311293/ng-api/Application/CommandProcessors/TestsslProcessor.cs (small file (2438 bytes))
2026-01-28 00:59:15,583 - Knowledge - INFO - done ingest for /app/data/T0015/311293/b477683/rest-api-311293/ng-api/Domain/Entities/Vulnerability.cs
2026-01-28 00:59:15,583 - Knowledge - INFO - Processing batch of 6 files
2026-01-28 00:59:15,583 - Knowledge - INFO - Worker kw17 processing /app/data/T0015/311293/b477683/rest-api-311293/ng-api/Controllers/CommandSchedulesController.cs
2026-01-28 00:59:15,689 - Knowledge - INFO - Fast-tracked /app/data/T0015/311293/b477683/rest-api-311293/ng-api/Infrastructure/Authentication/RoleClaimsTransformation.cs (ext=.cs, size=1405)
2026-01-28 00:59:15,770 - Knowledge - INFO - Worker kw9 processing /app/data/T0015/311293/b477683/rest-api-311293/ng-api/Infrastructure/Redis/RedisSettings.cs
2026-01-28 00:59:15,849 - Knowledge - INFO - Fast-tracked /app/data/T0015/311293/b477683/rest-api-311293/ng-api/Common/DataEncryptor.cs (ext=.cs, size=1393)
2026-01-28 00:59:15,931 - Knowledge - INFO - Worker kw11 processing /app/data/T0015/311293/b477683/rest-api-311293/ng-api/appsettings.Development.json
2026-01-28 00:59:16,102 - Knowledge - INFO - Fast-tracked /app/data/T0015/311293/b477683/rest-api-311293/ng-api/Controllers/WsController.cs (small file (3051 bytes))
2026-01-28 00:59:16,179 - Knowledge - INFO - Worker kw15 processing /app/data/T0015/311293/b477683/rest-api-311293/ng-api/Controllers/VulnerabilityStatsController.cs
2026-01-28 00:59:16,258 - Knowledge - INFO - process ingested knowledge for /app/data/T0015/311293/b477683/rest-api-311293/ng-api/Domain/Entities/ProjectCategory.cs
2026-01-28 00:59:16,379 - Knowledge - INFO - process ingested knowledge for /app/data/T0015/311293/b477683/rest-api-311293/ng-api/Domain/Entities/CommandSchedule.cs
2026-01-28 00:59:16,465 - Knowledge - INFO - Worker kw14 processing /app/data/T0015/311293/b477683/rest-api-311293/ng-api/Controllers/TasksController.cs
2026-01-28 00:59:16,556 - Knowledge - INFO - Worker kw16 processing /app/data/T0015/311293/b477683/rest-api-311293/ng-api/Controllers/SystemController.cs
2026-01-28 00:59:16,647 - Knowledge - INFO - Worker kw18 processing /app/data/T0015/311293/b477683/rest-api-311293/ng-api/appsettings.Production.json
2026-01-28 00:59:16,724 - Knowledge - INFO - Batch sizing: calculated=5, max_allowed=10, queue=159, active_workers=18/20
2026-01-28 00:59:16,827 - Knowledge - INFO - [kw20] Queue=154, InProgress=0, PendingWorkers=18/20, Completed=24/254 (9.4%)
2026-01-28 00:59:16,919 - Knowledge - INFO - process ingested knowledge for /app/data/T0015/311293/b477683/rest-api-311293/ng-api/Domain/Entities/Agent.cs
2026-01-28 00:59:17,003 - Knowledge - INFO - Processing batch of 6 files
2026-01-28 00:59:17,088 - Knowledge - INFO - Processing batch of 6 files
2026-01-28 00:59:17,177 - Knowledge - INFO - process ingested knowledge for /app/data/T0015/311293/b477683/rest-api-311293/docker/mysql/initdb/02-default-data.sql
2026-01-28 00:59:17,280 - Knowledge - INFO - Fast-tracked /app/data/T0015/311293/b477683/rest-api-311293/ng-api/Controllers/CommandSchedulesController.cs (ext=.cs, size=1803)
2026-01-28 00:59:17,504 - Knowledge - INFO - Fast-tracked /app/data/T0015/311293/b477683/rest-api-311293/ng-api/Infrastructure/Redis/RedisSettings.cs (ext=.cs, size=664)
2026-01-28 00:59:17,583 - Knowledge - INFO - Worker kw10 processing /app/data/T0015/311293/b477683/rest-api-311293/ng-api/Common/PasswordGenerator.cs
2026-01-28 00:59:17,662 - Knowledge - INFO - Fast-tracked /app/data/T0015/311293/b477683/rest-api-311293/ng-api/appsettings.Development.json (ext=.json, size=1435)
2026-01-28 00:59:17,866 - Knowledge - INFO - Worker kw15 processing /app/data/T0015/311293/b477683/rest-api-311293/ng-api/Controllers/SecretsController.cs
2026-01-28 00:59:17,949 - Knowledge - INFO - process ingested knowledge for /app/data/T0015/311293/b477683/rest-api-311293/ng-api/Domain/Entities/AuditEvent.cs
2026-01-28 00:59:18,033 - Knowledge - INFO - process ingested knowledge for /app/data/T0015/311293/b477683/rest-api-311293/ng-api/Domain/Entities/CommandUsage.cs
2026-01-28 00:59:18,116 - Knowledge - INFO - Fast-tracked /app/data/T0015/311293/b477683/rest-api-311293/ng-api/Controllers/NotificationsController.cs (small file (2009 bytes))
2026-01-28 00:59:18,118 - Knowledge - INFO - Worker kw14 processing /app/data/T0015/311293/b477683/rest-api-311293/ng-api/Controllers/AuditLogController.cs
2026-01-28 00:59:18,227 - Knowledge - INFO - Worker kw16 processing /app/data/T0015/311293/b477683/rest-api-311293/ng-api/Controllers/AssetsController.cs
2026-01-28 00:59:18,345 - Knowledge - INFO - Fast-tracked /app/data/T0015/311293/b477683/rest-api-311293/ng-api/appsettings.Production.json (ext=.json, size=1246)
2026-01-28 00:59:18,437 - Knowledge - INFO - Worker kw19 processing /app/data/T0015/311293/b477683/rest-api-311293/integrations-api/src/Http/AuthMiddleware.php
2026-01-28 00:59:18,528 - Knowledge - INFO - Batch sizing: calculated=5, max_allowed=10, queue=154, active_workers=19/20
2026-01-28 00:59:18,637 - Knowledge - INFO - process ingested knowledge for /app/data/T0015/311293/b477683/rest-api-311293/ng-api/Domain/Entities/CreationTimestampedEntity.cs
2026-01-28 00:59:18,720 - Knowledge - INFO - process ingested knowledge for /app/data/T0015/311293/b477683/rest-api-311293/ng-api/Application/Services/SystemUsageService.cs
2026-01-28 00:59:18,843 - Knowledge - INFO - process ingested knowledge for /app/data/T0015/311293/b477683/rest-api-311293/ng-api/Domain/Entities/VulnerabilityCategory.cs
2026-01-28 00:59:18,923 - Knowledge - INFO - process ingested knowledge for /app/data/T0015/311293/b477683/rest-api-311293/docker/mysql/initdb/01-schema.sql
2026-01-28 00:59:19,016 - Knowledge - INFO - Worker kw17 processing /app/data/T0015/311293/b477683/rest-api-311293/ng-api/Controllers/SessionsController.cs
2026-01-28 00:59:19,142 - Knowledge - INFO - Fast-tracked /app/data/T0015/311293/b477683/rest-api-311293/ng-api/Infrastructure/Persistence/AppDbContext.cs (small file (2811 bytes))
2026-01-28 00:59:19,221 - Knowledge - INFO - Fast-tracked /app/data/T0015/311293/b477683/rest-api-311293/ng-api/Common/PasswordGenerator.cs (ext=.cs, size=855)
2026-01-28 00:59:19,334 - Knowledge - INFO - Fast-tracked /app/data/T0015/311293/b477683/rest-api-311293/ng-api/Common/AiService.cs (small file (2022 bytes))
2026-01-28 00:59:19,354 - Knowledge - INFO - Fast-tracked /app/data/T0015/311293/b477683/rest-api-311293/ng-api/Controllers/ProjectMembersController.cs (small file (2192 bytes))
2026-01-28 00:59:19,414 - Knowledge - INFO - Worker kw15 processing /app/data/T0015/311293/b477683/rest-api-311293/ng-api/Controllers/AppController.cs
2026-01-28 00:59:19,499 - Knowledge - INFO - process ingested knowledge for /app/data/T0015/311293/b477683/rest-api-311293/ng-api/Domain/Entities/Attachment.cs
2026-01-28 00:59:19,571 - Knowledge - INFO - process ingested knowledge for /app/data/T0015/311293/b477683/rest-api-311293/ng-api/Domain/Entities/Asset.cs
2026-01-28 00:59:19,737 - Knowledge - INFO - Fast-tracked /app/data/T0015/311293/b477683/rest-api-311293/ng-api/Controllers/AuditLogController.cs (ext=.cs, size=1638)
2026-01-28 00:59:19,825 - Knowledge - INFO - Fast-tracked /app/data/T0015/311293/b477683/rest-api-311293/ng-api/Controllers/AssetsController.cs (ext=.cs, size=1617)
2026-01-28 00:59:19,904 - Knowledge - INFO - Worker kw18 processing /app/data/T0015/311293/b477683/rest-api-311293/data/attachments/default-report-template.html
2026-01-28 00:59:19,991 - Knowledge - INFO - Worker kw19 processing /app/data/T0015/311293/b477683/rest-api-311293/integrations-api/src/Repositories/VulnerabilityRepository.php
2026-01-28 00:59:20,067 - Knowledge - INFO - Worker kw20 processing /app/data/T0015/311293/b477683/rest-api-311293/integrations-api/src/Repositories/ProjectUserRepository.php
2026-01-28 00:59:20,155 - Knowledge - INFO - process ingested knowledge for /app/data/T0015/311293/b477683/rest-api-311293/ng-api/Domain/Entities/CustomField.cs
2026-01-28 00:59:20,238 - Knowledge - INFO - process ingested knowledge for /app/data/T0015/311293/b477683/rest-api-311293/ng-api/Application/CommandProcessors/NmapProcessor.cs
2026-01-28 00:59:20,330 - Knowledge - INFO - process ingested knowledge for /app/data/T0015/311293/b477683/rest-api-311293/ng-api/Domain/Entities/Organisation.cs
2026-01-28 00:59:20,420 - Knowledge - INFO - [LLM_CALL] Completed: CommandResultProcessor.cs:chunk1, Duration: 6785ms, PromptTokens: 2458, CompletionTokens: 539, Cost: $0.00046
2026-01-28 00:59:20,429 - Knowledge - INFO - process ingested knowledge for /app/data/T0015/311293/b477683/rest-api-311293/docker/mysql/initdb/00-databases.sql
2026-01-28 00:59:20,532 - Knowledge - INFO - Fast-tracked /app/data/T0015/311293/b477683/rest-api-311293/ng-api/Controllers/SessionsController.cs (ext=.cs, size=1311)
2026-01-28 00:59:20,686 - Knowledge - INFO - Fast-tracked /app/data/T0015/311293/b477683/rest-api-311293/ng-api/Infrastructure/Redis/RedisQueueListener.cs (small file (2027 bytes))
2026-01-28 00:59:20,843 - Knowledge - INFO - Fast-tracked /app/data/T0015/311293/b477683/rest-api-311293/ng-api/Controllers/AgentsController.cs (small file (2295 bytes))
2026-01-28 00:59:20,920 - Knowledge - INFO - Fast-tracked /app/data/T0015/311293/b477683/rest-api-311293/ng-api/Controllers/AppController.cs (ext=.cs, size=881)
2026-01-28 00:59:21,008 - Knowledge - INFO - process ingested knowledge for /app/data/T0015/311293/b477683/rest-api-311293/ng-api/Domain/Entities/User.cs
2026-01-28 00:59:21,277 - Knowledge - INFO - Worker kw16 processing /app/data/T0015/311293/b477683/rest-api-311293/ng-api/Controllers/ReportsController.cs
2026-01-28 00:59:21,367 - Knowledge - INFO - Worker kw18 processing /app/data/T0015/311293/b477683/rest-api-311293/data/attachments/default-report-template.md
2026-01-28 00:59:21,460 - Knowledge - INFO - Worker kw19 processing /app/data/T0015/311293/b477683/rest-api-311293/integrations-api/src/Repositories/NotificationsRepository.php
2026-01-28 00:59:21,573 - Knowledge - INFO - Fast-tracked /app/data/T0015/311293/b477683/rest-api-311293/integrations-api/src/Repositories/ProjectUserRepository.php (ext=.php, size=737)
2026-01-28 00:59:21,654 - Knowledge - INFO - process ingested knowledge for /app/data/T0015/311293/b477683/rest-api-311293/ng-api/Domain/Entities/ProjectMember.cs
2026-01-28 00:59:21,739 - Knowledge - INFO - process ingested knowledge for /app/data/T0015/311293/b477683/rest-api-311293/ng-api/Application/CommandProcessors/SubfinderProcessor.cs
2026-01-28 00:59:21,860 - Knowledge - INFO - process ingested knowledge for /app/data/T0015/311293/b477683/rest-api-311293/ng-api/Domain/Entities/Secret.cs
2026-01-28 00:59:21,943 - Knowledge - INFO - done ingest for /app/data/T0015/311293/b477683/rest-api-311293/ng-api/Application/Services/CommandResultProcessor.cs
2026-01-28 00:59:21,944 - Knowledge - INFO - Processing batch of 6 files
2026-01-28 00:59:21,944 - Knowledge - INFO - Processing batch of 5 files
2026-01-28 00:59:21,944 - Knowledge - INFO - [WEBSOCKET] Sent: Type=progress_update, Size: 290, Duration: 0ms
2026-01-28 00:59:22,055 - Knowledge - INFO - process ingested knowledge for /app/data/T0015/311293/b477683/rest-api-311293/ng-api/Extensions/OpenApiExtensions.cs
2026-01-28 00:59:22,132 - Knowledge - INFO - Worker kw17 processing /app/data/T0015/311293/b477683/rest-api-311293/ng-api/Controllers/CommandUsagesController.cs
2026-01-28 00:59:22,393 - Knowledge - INFO - Worker kw15 processing /app/data/T0015/311293/b477683/rest-api-311293/ng-api/Controllers/OrganisationsController.cs
2026-01-28 00:59:22,470 - Knowledge - INFO - process ingested knowledge for /app/data/T0015/311293/b477683/rest-api-311293/ng-api/Domain/Entities/Command.cs
2026-01-28 00:59:22,580 - Knowledge - INFO - Worker kw16 processing /app/data/T0015/311293/b477683/rest-api-311293/ng-api/Controllers/SystemDataController.cs
2026-01-28 00:59:22,664 - Knowledge - INFO - Fast-tracked /app/data/T0015/311293/b477683/rest-api-311293/data/attachments/default-report-template.md (ext=.md, size=2904)
2026-01-28 00:59:22,738 - Knowledge - INFO - Fast-tracked /app/data/T0015/311293/b477683/rest-api-311293/ng-api/Controllers/DocumentsController.cs (small file (2173 bytes))
2026-01-28 00:59:22,751 - Knowledge - INFO - Fast-tracked /app/data/T0015/311293/b477683/rest-api-311293/integrations-api/src/Repositories/NotificationsRepository.php (ext=.php, size=1939)
2026-01-28 00:59:22,826 - Knowledge - INFO - Worker kw20 processing /app/data/T0015/311293/b477683/rest-api-311293/integrations-api/src/Repositories/NoteRepository.php
2026-01-28 00:59:22,943 - Knowledge - INFO - process ingested knowledge for /app/data/T0015/311293/b477683/rest-api-311293/ng-api/Domain/Entities/Project.cs
2026-01-28 00:59:23,062 - Knowledge - INFO - process ingested knowledge for /app/data/T0015/311293/b477683/rest-api-311293/ng-api/Application/CommandProcessors/TestsslProcessor.cs
2026-01-28 00:59:23,154 - Knowledge - INFO - process ingested knowledge for /app/data/T0015/311293/b477683/rest-api-311293/ng-api/Domain/Entities/Note.cs
2026-01-28 00:59:23,372 - Knowledge - INFO - process ingested knowledge for /app/data/T0015/311293/b477683/rest-api-311293/ng-api/Infrastructure/Http/SecurityHeadersMiddleware.cs
2026-01-28 00:59:23,462 - Knowledge - INFO - process ingested knowledge for /app/data/T0015/311293/b477683/rest-api-311293/ng-api/Common/PaginationRequestHandler.cs
2026-01-28 00:59:23,541 - Knowledge - INFO - Processing batch of 6 files
2026-01-28 00:59:23,543 - Knowledge - INFO - Processing batch of 6 files
2026-01-28 00:59:23,543 - Knowledge - INFO - [WEBSOCKET] Sent: Type=unknown, Size: ?, Duration: 1599ms
2026-01-28 00:59:23,646 - Knowledge - INFO - process ingested knowledge for /app/data/T0015/311293/b477683/rest-api-311293/ng-api/Extensions/CorsExtensions.cs
2026-01-28 00:59:23,725 - Knowledge - INFO - Fast-tracked /app/data/T0015/311293/b477683/rest-api-311293/ng-api/Controllers/CommandUsagesController.cs (ext=.cs, size=1983)
2026-01-28 00:59:23,830 - Knowledge - INFO - Fast-tracked /app/data/T0015/311293/b477683/rest-api-311293/ng-api/Controllers/VulnerabilityStatsController.cs (small file (2159 bytes))
2026-01-28 00:59:24,096 - Knowledge - INFO - Worker kw18 processing /app/data/T0015/311293/b477683/rest-api-311293/data/attachments/default-report-template.txt
2026-01-28 00:59:24,318 - Knowledge - INFO - Worker kw19 processing /app/data/T0015/311293/b477683/rest-api-311293/integrations-api/src/Repositories/Deletable.php
2026-01-28 00:59:24,399 - Knowledge - INFO - Fast-tracked /app/data/T0015/311293/b477683/rest-api-311293/integrations-api/src/Repositories/NoteRepository.php (ext=.php, size=1159)
2026-01-28 00:59:24,603 - Knowledge - INFO - process ingested knowledge for /app/data/T0015/311293/b477683/rest-api-311293/ng-api/Application/CommandProcessors/IProcessor.cs
2026-01-28 00:59:24,712 - Knowledge - INFO - process ingested knowledge for /app/data/T0015/311293/b477683/rest-api-311293/ng-api/Domain/Entities/Vulnerability.cs
2026-01-28 00:59:24,825 - Knowledge - INFO - process ingested knowledge for /app/data/T0015/311293/b477683/rest-api-311293/ng-api/Infrastructure/WebSockets/WebSocketConnectionManager.cs
2026-01-28 00:59:24,907 - Knowledge - INFO - process ingested knowledge for /app/data/T0015/311293/b477683/rest-api-311293/ng-api/Common/AiService.cs
2026-01-28 00:59:24,946 - Knowledge - INFO - process ingested knowledge for /app/data/T0015/311293/b477683/rest-api-311293/ng-api/Infrastructure/Redis/RedisQueueListener.cs
2026-01-28 00:59:25,030 - Knowledge - INFO - process ingested knowledge for /app/data/T0015/311293/b477683/rest-api-311293/ng-api/Domain/Entities/Notification.cs
2026-01-28 00:59:25,113 - Knowledge - INFO - Progress: 18.5% | Files: 59/254 | Rate: 1.71 files/sec | Queue: 144
2026-01-28 00:59:25,119 - Knowledge - INFO - [kw5] Queue=144, InProgress=0, PendingWorkers=20/20, Completed=59/254 (23.2%)
2026-01-28 00:59:25,119 - Knowledge - INFO - [WEBSOCKET] Sent: Type=progress_update, Size: 291, Duration: 0ms
2026-01-28 00:59:25,196 - Knowledge - INFO - process ingested knowledge for /app/data/T0015/311293/b477683/rest-api-311293/ng-api/Domain/AuditActions/AuditActions.cs
2026-01-28 00:59:25,292 - Knowledge - INFO - Worker kw17 processing /app/data/T0015/311293/b477683/rest-api-311293/ng-api/Controllers/IntegrationsController.cs
2026-01-28 00:59:25,477 - Knowledge - INFO - Fast-tracked /app/data/T0015/311293/b477683/rest-api-311293/data/attachments/default-report-template.txt (ext=.txt, size=4076)
2026-01-28 00:59:25,638 - Knowledge - INFO - Fast-tracked /app/data/T0015/311293/b477683/rest-api-311293/integrations-api/src/Repositories/Deletable.php (ext=.php, size=139)
2026-01-28 00:59:25,741 - Knowledge - INFO - Worker kw20 processing /app/data/T0015/311293/b477683/rest-api-311293/integrations-api/src/Repositories/MysqlRepository.php
2026-01-28 00:59:25,875 - Knowledge - INFO - process ingested knowledge for /app/data/T0015/311293/b477683/rest-api-311293/ng-api/Application/CommandProcessors/ShcheckProcessor.cs
2026-01-28 00:59:26,015 - Knowledge - INFO - process ingested knowledge for /app/data/T0015/311293/b477683/rest-api-311293/ng-api/Domain/Entities/ProjectTask.cs
2026-01-28 00:59:26,121 - Knowledge - INFO - process ingested knowledge for /app/data/T0015/311293/b477683/rest-api-311293/ng-api/Infrastructure/WebSockets/WebSocketExtensions.cs
2026-01-28 00:59:26,223 - Knowledge - INFO - process ingested knowledge for /app/data/T0015/311293/b477683/rest-api-311293/ng-api/Common/AuditAttribute.cs
2026-01-28 00:59:26,334 - Knowledge - INFO - process ingested knowledge for /app/data/T0015/311293/b477683/rest-api-311293/ng-api/Infrastructure/Redis/RedisExtensions.cs
2026-01-28 00:59:26,450 - Knowledge - INFO - process ingested knowledge for /app/data/T0015/311293/b477683/rest-api-311293/ng-api/Domain/Entities/UserInfo.cs
2026-01-28 00:59:26,596 - Knowledge - INFO - [kw2] Queue=144, InProgress=0, PendingWorkers=20/20, Completed=59/254 (23.2%)
2026-01-28 00:59:26,735 - Knowledge - INFO - Batch sizing: calculated=5, max_allowed=10, queue=144, active_workers=20/20
2026-01-28 00:59:26,846 - Knowledge - INFO - [WEBSOCKET] Sent: Type=unknown, Size: ?, Duration: 1726ms
2026-01-28 00:59:27,104 - Knowledge - INFO - Fast-tracked /app/data/T0015/311293/b477683/rest-api-311293/ng-api/Controllers/IntegrationsController.cs (ext=.cs, size=583)
2026-01-28 00:59:27,203 - Knowledge - INFO - Worker kw18 processing /app/data/T0015/311293/b477683/rest-api-311293/integrations-api/src/Http/StaticMiddleware.php
2026-01-28 00:59:27,309 - Knowledge - INFO - Worker kw19 processing /app/data/T0015/311293/b477683/rest-api-311293/integrations-api/src/Repositories/VulnerabilityTemplateRepository.php
2026-01-28 00:59:27,493 - Knowledge - INFO - Worker kw20 processing /app/data/T0015/311293/b477683/rest-api-311293/integrations-api/src/Repositories/SearchCriterias/TaskSearchCriteria.php
2026-01-28 00:59:27,954 - Knowledge - INFO - process ingested knowledge for /app/data/T0015/311293/b477683/rest-api-311293/ng-api/Infrastructure/Persistence/AppDbContext.cs
2026-01-28 00:59:28,170 - Knowledge - INFO - process ingested knowledge for /app/data/T0015/311293/b477683/rest-api-311293/ng-api/Properties/launchSettings.json
2026-01-28 00:59:28,277 - Knowledge - INFO - Batch sizing: calculated=5, max_allowed=10, queue=144, active_workers=20/20
2026-01-28 00:59:28,408 - Knowledge - INFO - process ingested knowledge for /app/data/T0015/311293/b477683/rest-api-311293/ng-api/wwwroot/robots.txt
2026-01-28 00:59:28,538 - Knowledge - INFO - Progress: 23.2% | Files: 59/254 | Rate: 1.57 files/sec | Queue: 144
2026-01-28 00:59:28,554 - Knowledge - INFO - [LLM_CALL] Completed: SystemDataImportController.cs:chunk1, Duration: 8889ms, PromptTokens: 2652, CompletionTokens: 461, Cost: $0.00045
2026-01-28 00:59:28,571 - Knowledge - INFO - Fast-tracked /app/data/T0015/311293/b477683/rest-api-311293/ng-api/Controllers/OrganisationsController.cs (small file (2592 bytes))
2026-01-28 00:59:28,686 - Knowledge - INFO - Worker kw17 processing /app/data/T0015/311293/b477683/rest-api-311293/ng-api/compose.yaml
2026-01-28 00:59:28,875 - Knowledge - INFO - Fast-tracked /app/data/T0015/311293/b477683/rest-api-311293/integrations-api/src/Http/StaticMiddleware.php (ext=.php, size=1006)
2026-01-28 00:59:28,950 - Knowledge - INFO - Fast-tracked /app/data/T0015/311293/b477683/rest-api-311293/integrations-api/src/Repositories/VulnerabilityTemplateRepository.php (ext=.php, size=1031)
2026-01-28 00:59:29,020 - Knowledge - INFO - process ingested knowledge for /app/data/T0015/311293/b477683/rest-api-311293/ng-api/Application/Services/ProcessorIntegrationFactory.cs
2026-01-28 00:59:29,064 - Knowledge - INFO - Fast-tracked /app/data/T0015/311293/b477683/rest-api-311293/integrations-api/src/Repositories/SearchCriterias/TaskSearchCriteria.php (ext=.php, size=1590)
2026-01-28 00:59:29,723 - Knowledge - INFO - done ingest for /app/data/T0015/311293/b477683/rest-api-311293/ng-api/Controllers/SystemDataImportController.cs
2026-01-28 00:59:29,726 - Knowledge - INFO - [LLM_CALL] Completed: Program.cs:chunk1, Duration: 12348ms, PromptTokens: 2024, CompletionTokens: 717, Cost: $0.00049
2026-01-28 00:59:29,844 - Knowledge - INFO - process ingested knowledge for /app/data/T0015/311293/b477683/rest-api-311293/ng-api/Infrastructure/Persistence/DbExtensions.cs
2026-01-28 00:59:29,848 - Knowledge - INFO - process ingested knowledge for /app/data/T0015/311293/b477683/rest-api-311293/ng-api/appsettings.Development.json
2026-01-28 00:59:29,866 - Knowledge - INFO - [kw4] Queue=134, InProgress=0, PendingWorkers=20/20, Completed=59/254 (23.2%)
2026-01-28 00:59:29,974 - Knowledge - INFO - Fast-tracked /app/data/T0015/311293/b477683/rest-api-311293/ng-api/compose.yaml (ext=.yaml, size=525)
2026-01-28 00:59:30,103 - Knowledge - INFO - process ingested knowledge for /app/data/T0015/311293/b477683/rest-api-311293/ng-api/Common/Extensions/HttpContextExtensions.cs
2026-01-28 00:59:30,386 - Knowledge - INFO - Worker kw20 processing /app/data/T0015/311293/b477683/rest-api-311293/integrations-api/src/Repositories/SearchCriterias/TargetSearchCriteria.php
2026-01-28 00:59:30,396 - Knowledge - INFO - process ingested knowledge for /app/data/T0015/311293/b477683/rest-api-311293/ng-api/Application/Services/AuditService.cs
2026-01-28 00:59:30,561 - Knowledge - INFO - done ingest for /app/data/T0015/311293/b477683/rest-api-311293/ng-api/Program.cs
2026-01-28 00:59:30,572 - Knowledge - INFO - Async storing batch of 6 embeddings
2026-01-28 00:59:30,587 - Knowledge - INFO - Async storing batch of 6 embeddings
2026-01-28 00:59:30,600 - Knowledge - INFO - [kw1] Queue=134, InProgress=0, PendingWorkers=20/20, Completed=59/254 (23.2%)
2026-01-28 00:59:30,655 - Knowledge - INFO - [kw7] Queue=134, InProgress=0, PendingWorkers=20/20, Completed=59/254 (23.2%)
2026-01-28 00:59:30,678 - Knowledge - INFO - process ingested knowledge for /app/data/T0015/311293/b477683/rest-api-311293/ng-api/Infrastructure/Redis/RedisSettings.cs
2026-01-28 00:59:31,057 - Knowledge - INFO - Batch sizing: calculated=5, max_allowed=10, queue=134, active_workers=20/20
2026-01-28 00:59:31,240 - Knowledge - INFO - [LLM_CALL] Completed: VulnerabilitiesController.cs:chunk1, Duration: 13488ms, PromptTokens: 2728, CompletionTokens: 645, Cost: $0.00053
2026-01-28 00:59:31,268 - Knowledge - INFO - process ingested knowledge for /app/data/T0015/311293/b477683/rest-api-311293/ng-api/Common/DataEncryptor.cs
2026-01-28 00:59:31,268 - Knowledge - INFO - [kw3] Queue=134, InProgress=0, PendingWorkers=20/20, Completed=60/254 (23.6%)
2026-01-28 00:59:31,378 - Knowledge - INFO - Fast-tracked /app/data/T0015/311293/b477683/rest-api-311293/integrations-api/src/Repositories/SearchCriterias/TargetSearchCriteria.php (ext=.php, size=306)
2026-01-28 00:59:31,708 - Knowledge - INFO - process ingested knowledge for /app/data/T0015/311293/b477683/rest-api-311293/ng-api/Application/Services/CommandResultProcessor.cs
2026-01-28 00:59:31,831 - Knowledge - INFO - Worker kw5 processing /app/data/T0015/311293/b477683/rest-api-311293/integrations-api/src/Repositories/SearchCriterias/ProjectSearchCriteria.php
2026-01-28 00:59:31,962 - Knowledge - INFO - Worker kw2 processing /app/data/T0015/311293/b477683/rest-api-311293/integrations-api/src/Repositories/CommandScheduleRepository.php
2026-01-28 00:59:32,047 - Knowledge - INFO - Batch sizing: calculated=5, max_allowed=10, queue=134, active_workers=20/20
2026-01-28 00:59:32,161 - Knowledge - INFO - Batch sizing: calculated=5, max_allowed=10, queue=134, active_workers=20/20
2026-01-28 00:59:32,453 - Knowledge - INFO - done ingest for /app/data/T0015/311293/b477683/rest-api-311293/ng-api/Controllers/VulnerabilitiesController.cs
2026-01-28 00:59:32,454 - Knowledge - INFO - Processing batch of 5 files
2026-01-28 00:59:32,454 - Knowledge - INFO - Processing batch of 6 files
2026-01-28 00:59:32,455 - Knowledge - INFO - [LLM_CALL] Completed: AttachmentsController.cs:chunk1, Duration: 16434ms, PromptTokens: 2390, CompletionTokens: 598, Cost: $0.00048
2026-01-28 00:59:32,609 - Knowledge - INFO - process ingested knowledge for /app/data/T0015/311293/b477683/rest-api-311293/ng-api/Common/PasswordGenerator.cs
2026-01-28 00:59:32,615 - Knowledge - INFO - Batch sizing: calculated=5, max_allowed=10, queue=134, active_workers=20/20
2026-01-28 00:59:32,805 - Knowledge - INFO - process ingested knowledge for /app/data/T0015/311293/b477683/rest-api-311293/ng-api/Application/Services/AttachmentFilePath.cs
2026-01-28 00:59:32,902 - Knowledge - INFO - Fast-tracked /app/data/T0015/311293/b477683/rest-api-311293/integrations-api/src/Repositories/SearchCriterias/ProjectSearchCriteria.php (ext=.php, size=1191)
2026-01-28 00:59:32,969 - Knowledge - INFO - Worker kw2 processing /app/data/T0015/311293/b477683/rest-api-311293/integrations-api/src/Repositories/VaultRepository.php
2026-01-28 00:59:33,376 - Knowledge - INFO - process ingested knowledge for /app/data/T0015/311293/b477683/rest-api-311293/ng-api/Controllers/CommandSchedulesController.cs
2026-01-28 00:59:33,496 - Knowledge - INFO - process ingested knowledge for /app/data/T0015/311293/b477683/rest-api-311293/ng-api/Application/CommandProcessors/ProcessorResult.cs
2026-01-28 00:59:33,593 - Knowledge - INFO - done ingest for /app/data/T0015/311293/b477683/rest-api-311293/ng-api/Controllers/AttachmentsController.cs
2026-01-28 00:59:33,615 - Knowledge - INFO - Async storing batch of 6 embeddings
2026-01-28 00:59:33,649 - Knowledge - INFO - Async storing batch of 6 embeddings
2026-01-28 00:59:33,649 - Knowledge - INFO - Async storing batch of 6 embeddings
2026-01-28 00:59:33,661 - Knowledge - INFO - [kw9] Queue=119, InProgress=0, PendingWorkers=20/20, Completed=70/254 (27.6%)
2026-01-28 00:59:33,662 - Knowledge - INFO - [WEBSOCKET] Sent: Type=progress_update, Size: 290, Duration: 0ms
2026-01-28 00:59:34,119 - Knowledge - INFO - Worker kw5 processing /app/data/T0015/311293/b477683/rest-api-311293/integrations-api/src/Repositories/SearchCriterias/CommandSearchCriteria.php
2026-01-28 00:59:34,328 - Knowledge - INFO - Worker kw2 processing /app/data/T0015/311293/b477683/rest-api-311293/integrations-api/src/Repositories/ReportRepository.php
2026-01-28 00:59:34,468 - Knowledge - INFO - process ingested knowledge for /app/data/T0015/311293/b477683/rest-api-311293/ng-api/Controllers/SessionsController.cs
2026-01-28 00:59:34,604 - Knowledge - INFO - process ingested knowledge for /app/data/T0015/311293/b477683/rest-api-311293/ng-api/Program.cs
2026-01-28 00:59:34,780 - Knowledge - INFO - Worker kw4 processing /app/data/T0015/311293/b477683/rest-api-311293/integrations-api/src/Repositories/VulnerabilityCategoryRepository.php
2026-01-28 00:59:34,992 - Knowledge - INFO - Worker kw7 processing /app/data/T0015/311293/b477683/rest-api-311293/integrations-api/src/Repositories/TargetRepository.php
2026-01-28 00:59:35,068 - Knowledge - INFO - Worker kw1 processing /app/data/T0015/311293/b477683/rest-api-311293/integrations-api/src/Repositories/CommandRepository.php
2026-01-28 00:59:35,229 - Knowledge - INFO - Batch sizing: calculated=5, max_allowed=10, queue=119, active_workers=20/20
2026-01-28 00:59:35,407 - Knowledge - INFO - Async storing batch of 6 embeddings
2026-01-28 00:59:35,422 - Knowledge - INFO - [LLM_CALL] Completed: TasksController.cs:chunk1, Duration: 10307ms, PromptTokens: 2434, CompletionTokens: 583, Cost: $0.00048
2026-01-28 00:59:35,484 - Knowledge - INFO - Fast-tracked /app/data/T0015/311293/b477683/rest-api-311293/integrations-api/src/Repositories/SearchCriterias/CommandSearchCriteria.php (ext=.php, size=435)
2026-01-28 00:59:35,629 - Knowledge - INFO - Worker kw2 processing /app/data/T0015/311293/b477683/rest-api-311293/integrations-api/src/Repositories/ContactRepository.php
2026-01-28 00:59:35,877 - Knowledge - INFO - process ingested knowledge for /app/data/T0015/311293/b477683/rest-api-311293/ng-api/Controllers/CommandUsagesController.cs
2026-01-28 00:59:35,877 - Knowledge - INFO - process ingested knowledge for /app/data/T0015/311293/b477683/rest-api-311293/ng-api/appsettings.json
2026-01-28 00:59:35,930 - Knowledge - INFO - Worker kw4 processing /app/data/T0015/311293/b477683/rest-api-311293/integrations-api/src/Repositories/TaskRepository.php
2026-01-28 00:59:36,034 - Knowledge - INFO - Worker kw7 processing /app/data/T0015/311293/b477683/rest-api-311293/integrations-api/src/Repositories/ProjectCategoriesRepository.php
2026-01-28 00:59:36,209 - Knowledge - INFO - Worker kw1 processing /app/data/T0015/311293/b477683/rest-api-311293/integrations-api/src/Repositories/DocumentRepository.php
2026-01-28 00:59:36,403 - Knowledge - INFO - Worker kw3 processing /app/data/T0015/311293/b477683/rest-api-311293/integrations-api/src/Repositories/AuditLogRepository.php
2026-01-28 00:59:36,497 - Knowledge - INFO - done ingest for /app/data/T0015/311293/b477683/rest-api-311293/ng-api/Controllers/TasksController.cs
2026-01-28 00:59:36,515 - Knowledge - INFO - [LLM_CALL] Completed: default-report-template.html:chunk1, Duration: 5922ms, PromptTokens: 3632, CompletionTokens: 59, Cost: $0.00039
2026-01-28 00:59:36,599 - Knowledge - INFO - Worker kw5 processing /app/data/T0015/311293/b477683/rest-api-311293/integrations-api/src/Repositories/SearchCriterias/VulnerabilityCategoryCriteria.php
2026-01-28 00:59:37,017 - Knowledge - INFO - Fast-tracked /app/data/T0015/311293/b477683/rest-api-311293/integrations-api/src/Repositories/ContactRepository.php (ext=.php, size=1271)
2026-01-28 00:59:37,131 - Knowledge - INFO - process ingested knowledge for /app/data/T0015/311293/b477683/rest-api-311293/ng-api/Controllers/IntegrationsController.cs
2026-01-28 00:59:37,234 - Knowledge - INFO - process ingested knowledge for /app/data/T0015/311293/b477683/rest-api-311293/ng-api/Infrastructure/Authentication/AuthenticationExtensions.cs
2026-01-28 00:59:37,404 - Knowledge - INFO - Worker kw4 processing /app/data/T0015/311293/b477683/rest-api-311293/integrations-api/src/Repositories/ProjectTemplateRepository.php
2026-01-28 00:59:37,515 - Knowledge - INFO - Fast-tracked /app/data/T0015/311293/b477683/rest-api-311293/integrations-api/src/Repositories/ProjectCategoriesRepository.php (ext=.php, size=679)
2026-01-28 00:59:37,629 - Knowledge - INFO - Worker kw1 processing /app/data/T0015/311293/b477683/rest-api-311293/integrations-api/src/Repositories/CustomFieldRepository.php
2026-01-28 00:59:37,848 - Knowledge - INFO - Worker kw3 processing /app/data/T0015/311293/b477683/rest-api-311293/integrations-api/src/Cli/Commands/TestDataGeneratorCommand.php
2026-01-28 00:59:38,063 - Knowledge - INFO - done ingest for /app/data/T0015/311293/b477683/rest-api-311293/data/attachments/default-report-template.html
2026-01-28 00:59:38,064 - Knowledge - INFO - [LLM_CALL] Completed: CommandsController.cs:chunk1, Duration: 14522ms, PromptTokens: 3392, CompletionTokens: 900, Cost: $0.00070
2026-01-28 00:59:38,219 - Knowledge - INFO - Fast-tracked /app/data/T0015/311293/b477683/rest-api-311293/integrations-api/src/Repositories/SearchCriterias/VulnerabilityCategoryCriteria.php (ext=.php, size=419)
2026-01-28 00:59:38,307 - Knowledge - INFO - Worker kw2 processing /app/data/T0015/311293/b477683/rest-api-311293/integrations-api/src/Repositories/CommandUsageRepository.php
2026-01-28 00:59:38,494 - Knowledge - INFO - process ingested knowledge for /app/data/T0015/311293/b477683/rest-api-311293/ng-api/compose.yaml
2026-01-28 00:59:38,619 - Knowledge - INFO - process ingested knowledge for /app/data/T0015/311293/b477683/rest-api-311293/ng-api/Infrastructure/Authentication/DbUsersResolverMiddleware.cs
2026-01-28 00:59:38,775 - Knowledge - INFO - Fast-tracked /app/data/T0015/311293/b477683/rest-api-311293/integrations-api/src/Repositories/ProjectTemplateRepository.php (ext=.php, size=496)
2026-01-28 00:59:38,871 - Knowledge - INFO - Worker kw7 processing /app/data/T0015/311293/b477683/rest-api-311293/integrations-api/src/Repositories/Findable.php
2026-01-28 00:59:39,077 - Knowledge - INFO - Worker kw1 processing /app/data/T0015/311293/b477683/rest-api-311293/integrations-api/src/Repositories/ProjectRepository.php
2026-01-28 00:59:39,203 - Knowledge - INFO - Fast-tracked /app/data/T0015/311293/b477683/rest-api-311293/integrations-api/src/Cli/Commands/TestDataGeneratorCommand.php (ext=.php, size=767)
2026-01-28 00:59:39,460 - Knowledge - INFO - done ingest for /app/data/T0015/311293/b477683/rest-api-311293/ng-api/Controllers/CommandsController.cs
2026-01-28 00:59:39,487 - Knowledge - INFO - [WEBSOCKET] Sent: Type=unknown, Size: ?, Duration: 5825ms
2026-01-28 00:59:39,616 - Knowledge - INFO - Worker kw5 processing /app/data/T0015/311293/b477683/rest-api-311293/integrations-api/src/Repositories/SearchCriterias/VulnerabilitySearchCriteria.php
2026-01-28 00:59:39,741 - Knowledge - INFO - Async storage completed for 6 embeddings
2026-01-28 00:59:40,082 - Knowledge - INFO - Worker kw4 processing /app/data/T0015/311293/b477683/rest-api-311293/integrations-api/src/Repositories/ClientRepository.php
2026-01-28 00:59:40,200 - Knowledge - INFO - process ingested knowledge for /app/data/T0015/311293/b477683/rest-api-311293/ng-api/Infrastructure/Authentication/RoleClaimsTransformation.cs
2026-01-28 00:59:40,229 - Knowledge - INFO - Fast-tracked /app/data/T0015/311293/b477683/rest-api-311293/integrations-api/src/Repositories/Findable.php (ext=.php, size=147)
2026-01-28 00:59:40,356 - Knowledge - INFO - Worker kw1 processing /app/data/T0015/311293/b477683/rest-api-311293/integrations-api/src/Repositories/Updateable.php
2026-01-28 00:59:40,476 - Knowledge - INFO - Worker kw3 processing /app/data/T0015/311293/b477683/rest-api-311293/integrations-api/src/Cli/Commands/EmailProcessorCommand.php
2026-01-28 00:59:40,796 - Knowledge - INFO - Progress: 27.6% | Files: 75/254 | Rate: 1.63 files/sec | Queue: 109
2026-01-28 00:59:40,819 - Knowledge - INFO - [LLM_CALL] Completed: ProjectsController.cs:chunk1, Duration: 23968ms, PromptTokens: 2944, CompletionTokens: 841, Cost: $0.00063
2026-01-28 00:59:40,987 - Knowledge - INFO - Fast-tracked /app/data/T0015/311293/b477683/rest-api-311293/integrations-api/src/Repositories/SearchCriterias/VulnerabilitySearchCriteria.php (ext=.php, size=1713)
2026-01-28 00:59:41,351 - Knowledge - INFO - Worker kw4 processing /app/data/T0015/311293/b477683/rest-api-311293/integrations-api/src/Repositories/UserRepository.php
2026-01-28 00:59:41,615 - Knowledge - INFO - Worker kw7 processing /app/data/T0015/311293/b477683/rest-api-311293/integrations-api/src/Repositories/VulnerabilityStatsRepository.php
2026-01-28 00:59:41,748 - Knowledge - INFO - Fast-tracked /app/data/T0015/311293/b477683/rest-api-311293/integrations-api/src/Repositories/Updateable.php (ext=.php, size=162)
2026-01-28 00:59:41,896 - Knowledge - INFO - Fast-tracked /app/data/T0015/311293/b477683/rest-api-311293/integrations-api/src/Cli/Commands/EmailProcessorCommand.php (ext=.php, size=894)
2026-01-28 00:59:42,064 - Knowledge - INFO - done ingest for /app/data/T0015/311293/b477683/rest-api-311293/ng-api/Controllers/ProjectsController.cs
2026-01-28 00:59:42,155 - Knowledge - INFO - Async storing batch of 6 embeddings
2026-01-28 00:59:42,161 - Knowledge - INFO - [LLM_CALL] Completed: SecretsController.cs:chunk1, Duration: 15320ms, PromptTokens: 2646, CompletionTokens: 580, Cost: $0.00050
2026-01-28 00:59:42,200 - Knowledge - INFO - Worker kw5 processing /app/data/T0015/311293/b477683/rest-api-311293/integrations-api/src/Repositories/SearchCriterias/VaultSearchCriteria.php
2026-01-28 00:59:42,380 - Knowledge - INFO - Async storage completed for 6 embeddings
2026-01-28 00:59:42,401 - Knowledge - INFO - Fast-tracked /app/data/T0015/311293/b477683/rest-api-311293/integrations-api/src/Repositories/VulnerabilityStatsRepository.php (ext=.php, size=1737)
2026-01-28 00:59:42,536 - Knowledge - INFO - [kw11] Queue=109, InProgress=0, PendingWorkers=20/20, Completed=80/254 (31.5%)
2026-01-28 00:59:42,547 - Knowledge - INFO - Fast-tracked /app/data/T0015/311293/b477683/rest-api-311293/integrations-api/src/Repositories/CommandRepository.php (small file (2418 bytes))
2026-01-28 00:59:42,560 - Knowledge - INFO - Worker kw3 processing /app/data/T0015/311293/b477683/rest-api-311293/integrations-api/src/Cli/Commands/WeeklyEmailReportSenderCommand.php
2026-01-28 00:59:42,823 - Knowledge - INFO - Worker kw9 processing /app/data/T0015/311293/b477683/rest-api-311293/integrations-api/src/Models/AuditActions/AuditActions.php
2026-01-28 00:59:42,940 - Knowledge - INFO - done ingest for /app/data/T0015/311293/b477683/rest-api-311293/ng-api/Controllers/SecretsController.cs
2026-01-28 00:59:42,951 - Knowledge - INFO - Processing batch of 5 files
2026-01-28 00:59:42,960 - Knowledge - INFO - Processing batch of 5 files
2026-01-28 00:59:42,961 - Knowledge - INFO - [LLM_CALL] Completed: UsersController.cs:chunk1, Duration: 21017ms, PromptTokens: 2484, CompletionTokens: 768, Cost: $0.00056
2026-01-28 00:59:43,114 - Knowledge - INFO - Fast-tracked /app/data/T0015/311293/b477683/rest-api-311293/integrations-api/src/Repositories/SearchCriterias/VaultSearchCriteria.php (ext=.php, size=877)
2026-01-28 00:59:43,231 - Knowledge - INFO - Fast-tracked /app/data/T0015/311293/b477683/rest-api-311293/integrations-api/src/Repositories/VulnerabilityCategoryRepository.php (small file (2966 bytes))
2026-01-28 00:59:43,312 - Knowledge - INFO - Worker kw7 processing /app/data/T0015/311293/b477683/rest-api-311293/integrations-api/src/Repositories/AttachmentRepository.php
2026-01-28 00:59:43,445 - Knowledge - INFO - Batch sizing: calculated=5, max_allowed=10, queue=109, active_workers=20/20
2026-01-28 00:59:43,626 - Knowledge - INFO - Fast-tracked /app/data/T0015/311293/b477683/rest-api-311293/integrations-api/src/Repositories/DocumentRepository.php (small file (2925 bytes))
2026-01-28 00:59:43,663 - Knowledge - INFO - Fast-tracked /app/data/T0015/311293/b477683/rest-api-311293/integrations-api/src/Cli/Commands/WeeklyEmailReportSenderCommand.php (ext=.php, size=800)
2026-01-28 00:59:43,886 - Knowledge - INFO - Fast-tracked /app/data/T0015/311293/b477683/rest-api-311293/integrations-api/src/Models/AuditActions/AuditActions.php (ext=.php, size=217)
2026-01-28 00:59:44,119 - Knowledge - INFO - process ingested knowledge for /app/data/T0015/311293/b477683/rest-api-311293/ng-api/appsettings.Production.json
2026-01-28 00:59:44,255 - Knowledge - INFO - process ingested knowledge for /app/data/T0015/311293/b477683/rest-api-311293/ng-api/Controllers/WsController.cs
2026-01-28 00:59:44,335 - Knowledge - INFO - done ingest for /app/data/T0015/311293/b477683/rest-api-311293/ng-api/Controllers/UsersController.cs
2026-01-28 00:59:44,338 - Knowledge - INFO - [kw6] Queue=109, InProgress=0, PendingWorkers=20/20, Completed=90/254 (35.4%)
2026-01-28 00:59:44,338 - Knowledge - INFO - Processing batch of 5 files
2026-01-28 00:59:44,339 - Knowledge - INFO - Processing batch of 5 files
2026-01-28 00:59:44,339 - Knowledge - INFO - [LLM_CALL] Completed: AuthMiddleware.php:chunk1, Duration: 13696ms, PromptTokens: 2670, CompletionTokens: 550, Cost: $0.00049
2026-01-28 00:59:44,450 - Knowledge - INFO - Async storage completed for 6 embeddings
2026-01-28 00:59:44,623 - Knowledge - INFO - Async storage completed for 6 embeddings
2026-01-28 00:59:44,822 - Knowledge - INFO - Fast-tracked /app/data/T0015/311293/b477683/rest-api-311293/integrations-api/src/Repositories/CustomFieldRepository.php (small file (2708 bytes))
2026-01-28 00:59:44,910 - Knowledge - INFO - Worker kw3 processing /app/data/T0015/311293/b477683/rest-api-311293/integrations-api/src/Models/AuditActions/DataAuditActions.php
2026-01-28 00:59:45,001 - Knowledge - INFO - Worker kw9 processing /app/data/T0015/311293/b477683/rest-api-311293/integrations-api/src/Models/AuditActions/UserAuditActions.php
2026-01-28 00:59:45,078 - Knowledge - INFO - process ingested knowledge for /app/data/T0015/311293/b477683/rest-api-311293/data/attachments/default-report-template.html
2026-01-28 00:59:45,174 - Knowledge - INFO - process ingested knowledge for /app/data/T0015/311293/b477683/rest-api-311293/ng-api/Controllers/VulnerabilitiesController.cs
2026-01-28 00:59:45,362 - Knowledge - INFO - Batch sizing: calculated=5, max_allowed=10, queue=109, active_workers=20/20
2026-01-28 00:59:45,449 - Knowledge - INFO - process ingested knowledge for /app/data/T0015/311293/b477683/rest-api-311293/ng-api/Controllers/VulnerabilitiesCategoriesController.cs
2026-01-28 00:59:45,566 - Knowledge - INFO - process ingested knowledge for /app/data/T0015/311293/b477683/rest-api-311293/ng-api/Controllers/NotesController.cs
2026-01-28 00:59:45,689 - Knowledge - INFO - done ingest for /app/data/T0015/311293/b477683/rest-api-311293/integrations-api/src/Http/AuthMiddleware.php
2026-01-28 00:59:45,690 - Knowledge - INFO - [LLM_CALL] Completed: SystemDataController.cs:chunk1, Duration: 14648ms, PromptTokens: 2292, CompletionTokens: 471, Cost: $0.00042
2026-01-28 00:59:46,037 - Knowledge - INFO - Fast-tracked /app/data/T0015/311293/b477683/rest-api-311293/integrations-api/src/Models/AuditActions/DataAuditActions.php (ext=.php, size=171)
2026-01-28 00:59:46,147 - Knowledge - INFO - Fast-tracked /app/data/T0015/311293/b477683/rest-api-311293/integrations-api/src/Models/AuditActions/UserAuditActions.php (ext=.php, size=225)
2026-01-28 00:59:46,226 - Knowledge - INFO - process ingested knowledge for /app/data/T0015/311293/b477683/rest-api-311293/data/attachments/default-report-template.md
2026-01-28 00:59:46,320 - Knowledge - INFO - process ingested knowledge for /app/data/T0015/311293/b477683/rest-api-311293/ng-api/Controllers/ProjectMembersController.cs
2026-01-28 00:59:46,493 - Knowledge - INFO - process ingested knowledge for /app/data/T0015/311293/b477683/rest-api-311293/ng-api/Controllers/AttachmentsController.cs
2026-01-28 00:59:46,606 - Knowledge - INFO - process ingested knowledge for /app/data/T0015/311293/b477683/rest-api-311293/ng-api/Controllers/VulnerabilityStatsController.cs
2026-01-28 00:59:46,857 - Knowledge - INFO - done ingest for /app/data/T0015/311293/b477683/rest-api-311293/ng-api/Controllers/SystemDataController.cs
2026-01-28 00:59:46,867 - Knowledge - INFO - [kw17] Queue=99, InProgress=0, PendingWorkers=20/20, Completed=100/254 (39.4%)
2026-01-28 00:59:46,888 - Knowledge - INFO - Async storing batch of 5 embeddings
2026-01-28 00:59:46,889 - Knowledge - INFO - Processing batch of 5 files
2026-01-28 00:59:46,892 - Knowledge - INFO - [kw8] Queue=99, InProgress=0, PendingWorkers=20/20, Completed=100/254 (39.4%)
2026-01-28 00:59:46,900 - Knowledge - INFO - [WEBSOCKET] Sent: Type=progress_update, Size: 291, Duration: 1211ms
2026-01-28 00:59:47,020 - Knowledge - INFO - Fast-tracked /app/data/T0015/311293/b477683/rest-api-311293/integrations-api/src/Repositories/AuditLogRepository.php (small file (2843 bytes))
2026-01-28 00:59:47,102 - Knowledge - INFO - Worker kw9 processing /app/data/T0015/311293/b477683/rest-api-311293/integrations-api/src/Models/AuditActions/SystemAuditActions.php
2026-01-28 00:59:47,282 - Knowledge - INFO - process ingested knowledge for /app/data/T0015/311293/b477683/rest-api-311293/data/attachments/default-report-template.txt
2026-01-28 00:59:47,409 - Knowledge - INFO - process ingested knowledge for /app/data/T0015/311293/b477683/rest-api-311293/ng-api/Controllers/AgentsController.cs
2026-01-28 00:59:47,483 - Knowledge - INFO - process ingested knowledge for /app/data/T0015/311293/b477683/rest-api-311293/ng-api/Controllers/ProjectsController.cs
2026-01-28 00:59:47,555 - Knowledge - INFO - process ingested knowledge for /app/data/T0015/311293/b477683/rest-api-311293/ng-api/Controllers/SecretsController.cs
2026-01-28 00:59:47,768 - Knowledge - INFO - Batch sizing: calculated=4, max_allowed=10, queue=99, active_workers=20/20
2026-01-28 00:59:47,933 - Knowledge - INFO - Worker kw11 processing /app/data/T0015/311293/b477683/rest-api-311293/integrations-api/src/Services/AuditLogService.php
2026-01-28 00:59:48,033 - Knowledge - INFO - process ingested knowledge for /app/data/T0015/311293/b477683/rest-api-311293/ng-api/Controllers/UsersController.cs
2026-01-28 00:59:48,229 - Knowledge - INFO - Batch sizing: calculated=4, max_allowed=10, queue=99, active_workers=20/20
2026-01-28 00:59:48,346 - Knowledge - INFO - Processing batch of 5 files
2026-01-28 00:59:48,355 - Knowledge - INFO - [LLM_CALL] Completed: MysqlRepository.php:chunk1, Duration: 14729ms, PromptTokens: 2900, CompletionTokens: 981, Cost: $0.00068
2026-01-28 00:59:48,454 - Knowledge - INFO - Async storage completed for 6 embeddings
2026-01-28 00:59:48,694 - Knowledge - INFO - Fast-tracked /app/data/T0015/311293/b477683/rest-api-311293/integrations-api/src/Models/AuditActions/SystemAuditActions.php (ext=.php, size=203)
2026-01-28 00:59:48,842 - Knowledge - INFO - process ingested knowledge for /app/data/T0015/311293/b477683/rest-api-311293/integrations-api/src/Http/StaticMiddleware.php
2026-01-28 00:59:48,948 - Knowledge - INFO - process ingested knowledge for /app/data/T0015/311293/b477683/rest-api-311293/ng-api/Controllers/CommandsController.cs
2026-01-28 00:59:49,040 - Knowledge - INFO - process ingested knowledge for /app/data/T0015/311293/b477683/rest-api-311293/ng-api/Controllers/NotificationsController.cs
2026-01-28 00:59:49,204 - Knowledge - INFO - process ingested knowledge for /app/data/T0015/311293/b477683/rest-api-311293/ng-api/Controllers/AppController.cs
2026-01-28 00:59:49,503 - Knowledge - INFO - Fast-tracked /app/data/T0015/311293/b477683/rest-api-311293/integrations-api/src/Services/AuditLogService.php (ext=.php, size=677)
2026-01-28 00:59:49,604 - Knowledge - INFO - process ingested knowledge for /app/data/T0015/311293/b477683/rest-api-311293/ng-api/Controllers/DocumentsController.cs
2026-01-28 00:59:49,833 - Knowledge - INFO - process ingested knowledge for /app/data/T0015/311293/b477683/rest-api-311293/integrations-api/src/Repositories/SearchCriterias/ProjectSearchCriteria.php
2026-01-28 00:59:49,926 - Knowledge - INFO - done ingest for /app/data/T0015/311293/b477683/rest-api-311293/integrations-api/src/Repositories/MysqlRepository.php
2026-01-28 00:59:49,937 - Knowledge - INFO - Async storing batch of 6 embeddings
2026-01-28 00:59:49,944 - Knowledge - INFO - [WEBSOCKET] Sent: Type=unknown, Size: ?, Duration: 5608ms
2026-01-28 00:59:50,121 - Knowledge - INFO - Fast-tracked /app/data/T0015/311293/b477683/rest-api-311293/integrations-api/src/Repositories/ClientRepository.php (small file (2477 bytes))
2026-01-28 00:59:50,133 - Knowledge - INFO - Worker kw9 processing /app/data/T0015/311293/b477683/rest-api-311293/integrations-api/src/Models/AuditActions/AttachmentAuditActions.php
2026-01-28 00:59:50,454 - Knowledge - INFO - process ingested knowledge for /app/data/T0015/311293/b477683/rest-api-311293/ng-api/Controllers/SystemDataImportController.cs
2026-01-28 00:59:50,546 - Knowledge - INFO - Worker kw11 processing /app/data/T0015/311293/b477683/rest-api-311293/integrations-api/src/Services/Security/Permissions.php
2026-01-28 00:59:50,549 - Knowledge - INFO - process ingested knowledge for /app/data/T0015/311293/b477683/rest-api-311293/ng-api/Controllers/OrganisationsController.cs
2026-01-28 00:59:50,707 - Knowledge - INFO - process ingested knowledge for /app/data/T0015/311293/b477683/rest-api-311293/ng-api/Controllers/SearchesController.cs
2026-01-28 00:59:50,787 - Knowledge - INFO - process ingested knowledge for /app/data/T0015/311293/b477683/rest-api-311293/integrations-api/src/Repositories/SearchCriterias/CommandSearchCriteria.php
2026-01-28 00:59:50,915 - Knowledge - INFO - Worker kw6 processing /app/data/T0015/311293/b477683/rest-api-311293/integrations-api/src/Services/Reporting/Renderers/PlainTextReportRenderer.php
2026-01-28 00:59:51,012 - Knowledge - INFO - Progress: 35.4% | Files: 108/254 | Rate: 1.90 files/sec | Queue: 91
2026-01-28 00:59:51,014 - Knowledge - INFO - Async storing batch of 5 embeddings
2026-01-28 00:59:51,015 - Knowledge - INFO - Async storing batch of 6 embeddings
2026-01-28 00:59:51,015 - Knowledge - INFO - Processing batch of 5 files
2026-01-28 00:59:51,016 - Knowledge - INFO - [LLM_CALL] Completed: ReportsController.cs:chunk1, Duration: 21292ms, PromptTokens: 5596, CompletionTokens: 1227, Cost: $0.00105
2026-01-28 00:59:51,220 - Knowledge - INFO - Fast-tracked /app/data/T0015/311293/b477683/rest-api-311293/integrations-api/src/Models/AuditActions/AttachmentAuditActions.php (ext=.php, size=149)
2026-01-28 00:59:51,398 - Knowledge - INFO - Fast-tracked /app/data/T0015/311293/b477683/rest-api-311293/integrations-api/src/Services/Security/Permissions.php (ext=.php, size=639)
2026-01-28 00:59:51,650 - Knowledge - INFO - Async storage completed for 6 embeddings
2026-01-28 00:59:51,691 - Knowledge - INFO - process ingested knowledge for /app/data/T0015/311293/b477683/rest-api-311293/ng-api/Controllers/TasksController.cs
2026-01-28 00:59:51,753 - Knowledge - INFO - process ingested knowledge for /app/data/T0015/311293/b477683/rest-api-311293/integrations-api/src/Repositories/SearchCriterias/VulnerabilityCategoryCriteria.php
2026-01-28 00:59:51,800 - Knowledge - INFO - Worker kw6 processing /app/data/T0015/311293/b477683/rest-api-311293/integrations-api/src/Services/Reporting/Renderers/WordReportRenderer.php
2026-01-28 00:59:51,957 - Knowledge - INFO - Worker kw17 processing /app/data/T0015/311293/b477683/rest-api-311293/integrations-api/src/Services/QueryParams/OrderByRequestHandler.php
2026-01-28 00:59:51,992 - Knowledge - INFO - [kw10] Queue=91, InProgress=0, PendingWorkers=20/20, Completed=110/254 (43.3%)
2026-01-28 00:59:52,053 - Knowledge - INFO - Worker kw8 processing /app/data/T0015/311293/b477683/rest-api-311293/integrations-api/src/Services/JwtPayloadCreator.php
2026-01-28 00:59:52,145 - Knowledge - INFO - process ingested knowledge for /app/data/T0015/311293/b477683/rest-api-311293/integrations-api/src/Repositories/AuditLogRepository.php
2026-01-28 00:59:52,266 - Knowledge - INFO - done ingest for /app/data/T0015/311293/b477683/rest-api-311293/ng-api/Controllers/ReportsController.cs
2026-01-28 00:59:52,266 - Knowledge - INFO - [kw13] Queue=91, InProgress=0, PendingWorkers=20/20, Completed=110/254 (43.3%)
2026-01-28 00:59:52,267 - Knowledge - INFO - Processing batch of 5 files
2026-01-28 00:59:52,269 - Knowledge - INFO - [kw15] Queue=91, InProgress=0, PendingWorkers=20/20, Completed=110/254 (43.3%)
2026-01-28 00:59:52,270 - Knowledge - INFO - [kw12] Queue=91, InProgress=0, PendingWorkers=20/20, Completed=110/254 (43.3%)
2026-01-28 00:59:52,270 - Knowledge - INFO - [WEBSOCKET] Sent: Type=progress_update, Size: 292, Duration: 1ms
2026-01-28 00:59:52,398 - Knowledge - INFO - Worker kw9 processing /app/data/T0015/311293/b477683/rest-api-311293/integrations-api/src/Models/TaskPriority.php
2026-01-28 00:59:52,502 - Knowledge - INFO - Worker kw11 processing /app/data/T0015/311293/b477683/rest-api-311293/integrations-api/src/Services/Security/DataEncryptor.php
2026-01-28 00:59:52,671 - Knowledge - INFO - process ingested knowledge for /app/data/T0015/311293/b477683/rest-api-311293/ng-api/Controllers/AuditLogController.cs
2026-01-28 00:59:52,749 - Knowledge - INFO - process ingested knowledge for /app/data/T0015/311293/b477683/rest-api-311293/integrations-api/src/Repositories/SearchCriterias/VulnerabilitySearchCriteria.php
2026-01-28 00:59:52,833 - Knowledge - INFO - Worker kw6 processing /app/data/T0015/311293/b477683/rest-api-311293/integrations-api/src/Services/Reporting/ReportGenerator.php
2026-01-28 00:59:52,914 - Knowledge - INFO - Fast-tracked /app/data/T0015/311293/b477683/rest-api-311293/integrations-api/src/Services/QueryParams/OrderByRequestHandler.php (ext=.php, size=1507)
2026-01-28 00:59:52,984 - Knowledge - INFO - Batch sizing: calculated=4, max_allowed=10, queue=91, active_workers=20/20
2026-01-28 00:59:53,084 - Knowledge - INFO - Fast-tracked /app/data/T0015/311293/b477683/rest-api-311293/integrations-api/src/Services/JwtPayloadCreator.php (ext=.php, size=787)
2026-01-28 00:59:53,168 - Knowledge - INFO - process ingested knowledge for /app/data/T0015/311293/b477683/rest-api-311293/integrations-api/src/Cli/Commands/TestDataGeneratorCommand.php
2026-01-28 00:59:53,407 - Knowledge - INFO - Batch sizing: calculated=4, max_allowed=10, queue=91, active_workers=20/20
2026-01-28 00:59:53,528 - Knowledge - INFO - process ingested knowledge for /app/data/T0015/311293/b477683/rest-api-311293/integrations-api/src/Repositories/ProjectUserRepository.php
2026-01-28 00:59:53,652 - Knowledge - INFO - Batch sizing: calculated=4, max_allowed=10, queue=91, active_workers=20/20
2026-01-28 00:59:53,744 - Knowledge - INFO - Batch sizing: calculated=4, max_allowed=10, queue=91, active_workers=20/20
2026-01-28 00:59:53,833 - Knowledge - INFO - [LLM_CALL] Completed: SystemController.cs:chunk1, Duration: 28719ms, PromptTokens: 3174, CompletionTokens: 718, Cost: $0.00060
2026-01-28 00:59:53,959 - Knowledge - INFO - Fast-tracked /app/data/T0015/311293/b477683/rest-api-311293/integrations-api/src/Models/TaskPriority.php (ext=.php, size=222)
2026-01-28 00:59:54,064 - Knowledge - INFO - Fast-tracked /app/data/T0015/311293/b477683/rest-api-311293/integrations-api/src/Services/Security/DataEncryptor.php (ext=.php, size=973)
2026-01-28 00:59:54,241 - Knowledge - INFO - process ingested knowledge for /app/data/T0015/311293/b477683/rest-api-311293/integrations-api/src/Repositories/SearchCriterias/VaultSearchCriteria.php
2026-01-28 00:59:54,317 - Knowledge - INFO - Fast-tracked /app/data/T0015/311293/b477683/rest-api-311293/integrations-api/src/Services/Reporting/ReportGenerator.php (ext=.php, size=814)
2026-01-28 00:59:54,397 - Knowledge - INFO - Worker kw17 processing /app/data/T0015/311293/b477683/rest-api-311293/integrations-api/src/Services/KeycloakService.php
2026-01-28 00:59:54,566 - Knowledge - INFO - Worker kw8 processing /app/data/T0015/311293/b477683/rest-api-311293/integrations-api/src/Services/EmailService.php
2026-01-28 00:59:54,656 - Knowledge - INFO - process ingested knowledge for /app/data/T0015/311293/b477683/rest-api-311293/integrations-api/src/Cli/Commands/EmailProcessorCommand.php
2026-01-28 00:59:54,834 - Knowledge - INFO - process ingested knowledge for /app/data/T0015/311293/b477683/rest-api-311293/integrations-api/src/Repositories/NoteRepository.php
2026-01-28 00:59:55,108 - Knowledge - INFO - done ingest for /app/data/T0015/311293/b477683/rest-api-311293/ng-api/Controllers/SystemController.cs
2026-01-28 00:59:55,109 - Knowledge - INFO - [WEBSOCKET] Sent: Type=unknown, Size: ?, Duration: 2840ms
2026-01-28 00:59:55,197 - Knowledge - INFO - Async storage completed for 6 embeddings
2026-01-28 00:59:55,313 - Knowledge - INFO - Worker kw11 processing /app/data/T0015/311293/b477683/rest-api-311293/integrations-api/src/Services/Security/AuthorisationService.php
2026-01-28 00:59:55,561 - Knowledge - INFO - Worker kw6 processing /app/data/T0015/311293/b477683/rest-api-311293/integrations-api/src/Services/Reporting/TemplateProcessFactory.php
2026-01-28 00:59:55,660 - Knowledge - INFO - Worker kw17 processing /app/data/T0015/311293/b477683/rest-api-311293/integrations-api/src/Services/Filesystem/AttachmentSaver.php
2026-01-28 00:59:55,774 - Knowledge - INFO - Fast-tracked /app/data/T0015/311293/b477683/rest-api-311293/integrations-api/src/Services/EmailService.php (ext=.php, size=1453)
2026-01-28 00:59:56,217 - Knowledge - INFO - process ingested knowledge for /app/data/T0015/311293/b477683/rest-api-311293/integrations-api/src/Cli/Commands/WeeklyEmailReportSenderCommand.php
2026-01-28 00:59:56,271 - Knowledge - INFO - process ingested knowledge for /app/data/T0015/311293/b477683/rest-api-311293/integrations-api/src/Repositories/MysqlRepository.php
2026-01-28 00:59:56,574 - Knowledge - INFO - Progress: 43.3% | Files: 110/254 | Rate: 1.70 files/sec | Queue: 75
2026-01-28 00:59:56,574 - Knowledge - INFO - Async storing batch of 6 embeddings
2026-01-28 00:59:56,607 - Knowledge - INFO - Async storing batch of 5 embeddings
2026-01-28 00:59:56,612 - Knowledge - INFO - [kw14] Queue=75, InProgress=0, PendingWorkers=20/20, Completed=115/254 (45.3%)
2026-01-28 00:59:56,618 - Knowledge - INFO - Processing batch of 5 files
2026-01-28 00:59:56,618 - Knowledge - INFO - Async storing batch of 5 embeddings
2026-01-28 00:59:56,618 - Knowledge - INFO - Async storing batch of 5 embeddings
2026-01-28 00:59:56,807 - Knowledge - INFO - Fast-tracked /app/data/T0015/311293/b477683/rest-api-311293/integrations-api/src/Services/Security/AuthorisationService.php (ext=.php, size=533)
2026-01-28 00:59:56,920 - Knowledge - INFO - Fast-tracked /app/data/T0015/311293/b477683/rest-api-311293/integrations-api/src/Services/Reporting/TemplateProcessFactory.php (ext=.php, size=284)
2026-01-28 00:59:56,962 - Knowledge - INFO - Processing batch of 5 files
2026-01-28 00:59:57,034 - Knowledge - INFO - Worker kw17 processing /app/data/T0015/311293/b477683/rest-api-311293/integrations-api/src/Services/Cvss.php
2026-01-28 00:59:57,097 - Knowledge - INFO - [WEBSOCKET] Sent: Type=progress_update, Size: 293, Duration: 0ms
2026-01-28 00:59:57,154 - Knowledge - INFO - Worker kw8 processing /app/data/T0015/311293/b477683/rest-api-311293/integrations-api/src/Tasks/TaskResultProcessor.php
2026-01-28 00:59:57,300 - Knowledge - INFO - process ingested knowledge for /app/data/T0015/311293/b477683/rest-api-311293/integrations-api/src/Models/AuditActions/DataAuditActions.php
2026-01-28 00:59:57,431 - Knowledge - INFO - process ingested knowledge for /app/data/T0015/311293/b477683/rest-api-311293/integrations-api/src/Repositories/SearchCriterias/TaskSearchCriteria.php
2026-01-28 00:59:57,526 - Knowledge - INFO - [kw18] Queue=75, InProgress=0, PendingWorkers=20/20, Completed=120/254 (47.2%)
2026-01-28 00:59:57,704 - Knowledge - INFO - Worker kw10 processing /app/data/T0015/311293/b477683/rest-api-311293/integrations-api/src/ApiRouter.php
2026-01-28 00:59:57,809 - Knowledge - INFO - Worker kw15 processing /app/data/T0015/311293/b477683/rest-api-311293/integrations-api/src/Database/NoteTestDataGenerator.php
2026-01-28 00:59:58,019 - Knowledge - INFO - Batch sizing: calculated=4, max_allowed=10, queue=75, active_workers=20/20
2026-01-28 00:59:58,140 - Knowledge - INFO - process ingested knowledge for /app/data/T0015/311293/b477683/rest-api-311293/ng-api/Controllers/OrganisationContactsController.cs
2026-01-28 00:59:58,319 - Knowledge - INFO - Worker kw13 processing /app/data/T0015/311293/b477683/rest-api-311293/integrations-api/src/Database/ProjectTestDataGenerator.php
2026-01-28 00:59:58,402 - Knowledge - INFO - Worker kw12 processing /app/data/T0015/311293/b477683/rest-api-311293/integrations-api/src/Controllers/Attachments/UploadAttachmentController.php
2026-01-28 00:59:58,528 - Knowledge - INFO - Worker kw11 processing /app/data/T0015/311293/b477683/rest-api-311293/integrations-api/src/Services/Reporting/WeeklyReportGenerator.php
2026-01-28 00:59:58,688 - Knowledge - INFO - Worker kw6 processing /app/data/T0015/311293/b477683/rest-api-311293/integrations-api/src/Services/Reporting/ReportDataCollector.php
2026-01-28 00:59:58,868 - Knowledge - INFO - process ingested knowledge for /app/data/T0015/311293/b477683/rest-api-311293/integrations-api/src/Models/AuditActions/AuditActions.php
2026-01-28 00:59:59,007 - Knowledge - INFO - Fast-tracked /app/data/T0015/311293/b477683/rest-api-311293/integrations-api/src/Services/Cvss.php (ext=.php, size=687)
2026-01-28 00:59:59,104 - Knowledge - INFO - [WEBSOCKET] Sent: Type=unknown, Size: ?, Duration: 2007ms
2026-01-28 00:59:59,246 - Knowledge - INFO - Worker kw8 processing /app/data/T0015/311293/b477683/rest-api-311293/integrations-api/src/Tasks/EmailTaskProcessor.php
2026-01-28 00:59:59,642 - Knowledge - INFO - Batch sizing: calculated=4, max_allowed=10, queue=75, active_workers=20/20
2026-01-28 00:59:59,761 - Knowledge - INFO - Worker kw10 processing /app/data/T0015/311293/b477683/rest-api-311293/integrations-api/src/Database/TaskTestDataGenerator.php
2026-01-28 00:59:59,837 - Knowledge - INFO - process ingested knowledge for /app/data/T0015/311293/b477683/rest-api-311293/integrations-api/src/Repositories/SearchCriterias/TargetSearchCriteria.php
2026-01-28 00:59:59,938 - Knowledge - INFO - Fast-tracked /app/data/T0015/311293/b477683/rest-api-311293/integrations-api/src/Database/NoteTestDataGenerator.php (ext=.php, size=844)
2026-01-28 01:00:00,421 - Knowledge - INFO - Worker kw13 processing /app/data/T0015/311293/b477683/rest-api-311293/integrations-api/src/Database/ConnectionFactory.php
2026-01-28 01:00:00,513 - Knowledge - INFO - process ingested knowledge for /app/data/T0015/311293/b477683/rest-api-311293/ng-api/Controllers/SystemController.cs
2026-01-28 01:00:00,529 - Knowledge - INFO - Worker kw12 processing /app/data/T0015/311293/b477683/rest-api-311293/integrations-api/src/Controllers/Attachments/UpdateAttachmentController.php
2026-01-28 01:00:00,742 - Knowledge - INFO - Async storage completed for 5 embeddings
2026-01-28 01:00:00,885 - Knowledge - INFO - Fast-tracked /app/data/T0015/311293/b477683/rest-api-311293/integrations-api/src/Services/Reporting/Renderers/PlainTextReportRenderer.php (small file (2090 bytes))
2026-01-28 01:00:01,110 - Knowledge - INFO - Async storage completed for 5 embeddings
2026-01-28 01:00:01,254 - Knowledge - INFO - Progress: 47.2% | Files: 120/254 | Rate: 1.72 files/sec | Queue: 71
2026-01-28 01:00:01,271 - Knowledge - INFO - process ingested knowledge for /app/data/T0015/311293/b477683/rest-api-311293/integrations-api/src/Models/AuditActions/UserAuditActions.php
2026-01-28 01:00:01,284 - Knowledge - INFO - Async storing batch of 5 embeddings
2026-01-28 01:00:01,734 - Knowledge - INFO - Worker kw10 processing /app/data/T0015/311293/b477683/rest-api-311293/integrations-api/src/Database/CommandTestDataGenerator.php
2026-01-28 01:00:01,734 - Knowledge - INFO - Async storing batch of 5 embeddings
2026-01-28 01:00:01,913 - Knowledge - INFO - Worker kw15 processing /app/data/T0015/311293/b477683/rest-api-311293/integrations-api/src/Database/MysqlServer.php
2026-01-28 01:00:02,083 - Knowledge - INFO - Fast-tracked /app/data/T0015/311293/b477683/rest-api-311293/integrations-api/src/Database/ConnectionFactory.php (ext=.php, size=654)
2026-01-28 01:00:02,614 - Knowledge - INFO - Worker kw12 processing /app/data/T0015/311293/b477683/rest-api-311293/integrations-api/src/Controllers/Attachments/GetAttachmentsController.php
2026-01-28 01:00:02,859 - Knowledge - INFO - Fast-tracked /app/data/T0015/311293/b477683/rest-api-311293/integrations-api/src/Services/Reporting/WeeklyReportGenerator.php (small file (2066 bytes))
2026-01-28 01:00:02,973 - Knowledge - INFO - process ingested knowledge for /app/data/T0015/311293/b477683/rest-api-311293/ng-api/Controllers/AssetsController.cs
2026-01-28 01:00:03,080 - Knowledge - INFO - Fast-tracked /app/data/T0015/311293/b477683/rest-api-311293/integrations-api/src/Tasks/EmailTaskProcessor.php (small file (2072 bytes))
2026-01-28 01:00:03,689 - Knowledge - INFO - Worker kw14 processing /app/data/T0015/311293/b477683/rest-api-311293/integrations-api/src/Controllers/Attachments/DownloadAttachmentController.php
2026-01-28 01:00:03,702 - Knowledge - INFO - [kw5] Queue=67, InProgress=0, PendingWorkers=20/20, Completed=120/254 (47.2%)
2026-01-28 01:00:03,808 - Knowledge - INFO - Worker kw10 processing /app/data/T0015/311293/b477683/rest-api-311293/integrations-api/src/Database/UserTestDataGenerator.php
2026-01-28 01:00:03,892 - Knowledge - INFO - process ingested knowledge for /app/data/T0015/311293/b477683/rest-api-311293/integrations-api/src/Models/AuditActions/SystemAuditActions.php
2026-01-28 01:00:03,918 - Knowledge - INFO - [kw3] Queue=67, InProgress=0, PendingWorkers=20/20, Completed=120/254 (47.2%)
2026-01-28 01:00:03,953 - Knowledge - INFO - Worker kw18 processing /app/data/T0015/311293/b477683/rest-api-311293/integrations-api/src/Controllers/Users/CreateUserActionController.php
2026-01-28 01:00:04,122 - Knowledge - INFO - Fast-tracked /app/data/T0015/311293/b477683/rest-api-311293/integrations-api/src/Database/MysqlServer.php (ext=.php, size=380)
2026-01-28 01:00:04,365 - Knowledge - INFO - Worker kw13 processing /app/data/T0015/311293/b477683/rest-api-311293/integrations-api/src/Database/VulnerabilityTestDataGenerator.php
2026-01-28 01:00:04,484 - Knowledge - INFO - Fast-tracked /app/data/T0015/311293/b477683/rest-api-311293/integrations-api/src/Controllers/Attachments/GetAttachmentsController.php (ext=.php, size=971)
2026-01-28 01:00:04,596 - Knowledge - INFO - [LLM_CALL] Completed: ProjectRepository.php:chunk1, Duration: 16242ms, PromptTokens: 3186, CompletionTokens: 702, Cost: $0.00060
2026-01-28 01:00:05,050 - Knowledge - INFO - Async storage completed for 6 embeddings
2026-01-28 01:00:05,190 - Knowledge - INFO - Fast-tracked /app/data/T0015/311293/b477683/rest-api-311293/integrations-api/src/Controllers/Attachments/DownloadAttachmentController.php (ext=.php, size=1960)
2026-01-28 01:00:05,398 - Knowledge - INFO - Batch sizing: calculated=4, max_allowed=10, queue=67, active_workers=20/20
2026-01-28 01:00:05,428 - Knowledge - INFO - process ingested knowledge for /app/data/T0015/311293/b477683/rest-api-311293/ng-api/Controllers/ReportsController.cs
2026-01-28 01:00:05,607 - Knowledge - INFO - Fast-tracked /app/data/T0015/311293/b477683/rest-api-311293/integrations-api/src/Database/UserTestDataGenerator.php (ext=.php, size=1394)
2026-01-28 01:00:05,859 - Knowledge - INFO - Batch sizing: calculated=4, max_allowed=10, queue=67, active_workers=20/20
2026-01-28 01:00:05,877 - Knowledge - INFO - Fast-tracked /app/data/T0015/311293/b477683/rest-api-311293/integrations-api/src/Services/Filesystem/AttachmentSaver.php (small file (2007 bytes))
2026-01-28 01:00:05,999 - Knowledge - INFO - Worker kw18 processing /app/data/T0015/311293/b477683/rest-api-311293/integrations-api/src/Controllers/Commands/UpdateCommandController.php
2026-01-28 01:00:06,115 - Knowledge - INFO - Worker kw15 processing /app/data/T0015/311293/b477683/rest-api-311293/integrations-api/src/Database/TestDataGenerator.php
2026-01-28 01:00:06,159 - Knowledge - INFO - process ingested knowledge for /app/data/T0015/311293/b477683/rest-api-311293/integrations-api/src/Models/AuditActions/AttachmentAuditActions.php
2026-01-28 01:00:06,316 - Knowledge - INFO - Fast-tracked /app/data/T0015/311293/b477683/rest-api-311293/integrations-api/src/Database/VulnerabilityTestDataGenerator.php (ext=.php, size=1253)
2026-01-28 01:00:06,386 - Knowledge - INFO - Worker kw12 processing /app/data/T0015/311293/b477683/rest-api-311293/integrations-api/src/Controllers/Attachments/AttachmentsRouter.php
2026-01-28 01:00:06,508 - Knowledge - INFO - done ingest for /app/data/T0015/311293/b477683/rest-api-311293/integrations-api/src/Repositories/ProjectRepository.php
2026-01-28 01:00:06,515 - Knowledge - INFO - Processing batch of 5 files
2026-01-28 01:00:06,532 - Knowledge - INFO - [kw20] Queue=67, InProgress=0, PendingWorkers=20/20, Completed=125/254 (49.2%)
2026-01-28 01:00:06,741 - Knowledge - INFO - Worker kw14 processing /app/data/T0015/311293/b477683/rest-api-311293/integrations-api/src/Controllers/Users/UpdateUserController.php
2026-01-28 01:00:06,835 - Knowledge - INFO - Async storing batch of 5 embeddings
2026-01-28 01:00:06,988 - Knowledge - INFO - process ingested knowledge for /app/data/T0015/311293/b477683/rest-api-311293/ng-api/Controllers/SystemDataController.cs
2026-01-28 01:00:07,197 - Knowledge - INFO - Async storage completed for 6 embeddings
2026-01-28 01:00:07,320 - Knowledge - INFO - Async storing batch of 5 embeddings
2026-01-28 01:00:07,608 - Knowledge - INFO - Fast-tracked /app/data/T0015/311293/b477683/rest-api-311293/integrations-api/src/Controllers/Commands/UpdateCommandController.php (ext=.php, size=1568)
2026-01-28 01:00:07,692 - Knowledge - INFO - Worker kw15 processing /app/data/T0015/311293/b477683/rest-api-311293/integrations-api/src/Controllers/Attachments/ServeAttachmentController.php
2026-01-28 01:00:07,836 - Knowledge - INFO - process ingested knowledge for /app/data/T0015/311293/b477683/rest-api-311293/integrations-api/src/Models/TaskPriority.php
2026-01-28 01:00:07,917 - Knowledge - INFO - Async storage completed for 6 embeddings
2026-01-28 01:00:07,938 - Knowledge - INFO - Worker kw13 processing /app/data/T0015/311293/b477683/rest-api-311293/integrations-api/src/Database/NullColumnReplacer.php
2026-01-28 01:00:08,088 - Knowledge - INFO - Fast-tracked /app/data/T0015/311293/b477683/rest-api-311293/integrations-api/src/Controllers/Attachments/AttachmentsRouter.php (ext=.php, size=598)
2026-01-28 01:00:08,623 - Knowledge - INFO - Processing batch of 5 files
2026-01-28 01:00:08,726 - Knowledge - INFO - process ingested knowledge for /app/data/T0015/311293/b477683/rest-api-311293/integrations-api/src/Services/AuditLogService.php
2026-01-28 01:00:08,827 - Knowledge - INFO - Batch sizing: calculated=4, max_allowed=10, queue=67, active_workers=20/20
2026-01-28 01:00:09,035 - Knowledge - INFO - Worker kw14 processing /app/data/T0015/311293/b477683/rest-api-311293/integrations-api/src/Controllers/Users/UsersRouter.php
2026-01-28 01:00:09,074 - Knowledge - INFO - Worker kw5 processing /app/data/T0015/311293/b477683/rest-api-311293/integrations-api/src/Controllers/Commands/UploadCommandOutputController.php
2026-01-28 01:00:09,683 - Knowledge - INFO - Fast-tracked /app/data/T0015/311293/b477683/rest-api-311293/integrations-api/src/ApiRouter.php (small file (2408 bytes))
2026-01-28 01:00:09,730 - Knowledge - INFO - Worker kw3 processing /app/data/T0015/311293/b477683/rest-api-311293/integrations-api/src/Controllers/Vulnerabilities/VulnerabilitiesRouter.php
2026-01-28 01:00:09,893 - Knowledge - INFO - Worker kw18 processing /app/data/T0015/311293/b477683/rest-api-311293/integrations-api/src/Controllers/Commands/CommandsRouter.php
2026-01-28 01:00:10,116 - Knowledge - INFO - Fast-tracked /app/data/T0015/311293/b477683/rest-api-311293/integrations-api/src/Controllers/Attachments/ServeAttachmentController.php (ext=.php, size=1967)
2026-01-28 01:00:10,534 - Knowledge - INFO - [LLM_CALL] Completed: AttachmentRepository.php:chunk1, Duration: 18265ms, PromptTokens: 2698, CompletionTokens: 619, Cost: $0.00052
2026-01-28 01:00:10,729 - Knowledge - INFO - Fast-tracked /app/data/T0015/311293/b477683/rest-api-311293/integrations-api/src/Database/NullColumnReplacer.php (ext=.php, size=400)
2026-01-28 01:00:10,900 - Knowledge - INFO - process ingested knowledge for /app/data/T0015/311293/b477683/rest-api-311293/integrations-api/src/Repositories/CommandRepository.php
2026-01-28 01:00:11,366 - Knowledge - INFO - Fast-tracked /app/data/T0015/311293/b477683/rest-api-311293/integrations-api/src/Controllers/Users/UsersRouter.php (ext=.php, size=481)
2026-01-28 01:00:11,462 - Knowledge - INFO - process ingested knowledge for /app/data/T0015/311293/b477683/rest-api-311293/integrations-api/src/Services/Security/Permissions.php
2026-01-28 01:00:11,508 - Knowledge - INFO - Worker kw5 processing /app/data/T0015/311293/b477683/rest-api-311293/integrations-api/src/Controllers/Vulnerabilities/GenerateVulnerabilityRemediationController.php
2026-01-28 01:00:11,644 - Knowledge - INFO - Fast-tracked /app/data/T0015/311293/b477683/rest-api-311293/integrations-api/src/Database/TaskTestDataGenerator.php (small file (2455 bytes))
2026-01-28 01:00:11,835 - Knowledge - INFO - Fast-tracked /app/data/T0015/311293/b477683/rest-api-311293/integrations-api/src/Controllers/Vulnerabilities/VulnerabilitiesRouter.php (ext=.php, size=1274)
2026-01-28 01:00:12,060 - Knowledge - INFO - Fast-tracked /app/data/T0015/311293/b477683/rest-api-311293/integrations-api/src/Controllers/Commands/CommandsRouter.php (ext=.php, size=516)
2026-01-28 01:00:12,299 - Knowledge - INFO - done ingest for /app/data/T0015/311293/b477683/rest-api-311293/integrations-api/src/Repositories/AttachmentRepository.php
2026-01-28 01:00:12,363 - Knowledge - INFO - Async storing batch of 5 embeddings
2026-01-28 01:00:12,378 - Knowledge - INFO - [LLM_CALL] Completed: UserRepository.php:chunk1, Duration: 20112ms, PromptTokens: 2978, CompletionTokens: 831, Cost: $0.00063
2026-01-28 01:00:12,534 - Knowledge - INFO - Fast-tracked /app/data/T0015/311293/b477683/rest-api-311293/integrations-api/src/Database/ProjectTestDataGenerator.php (small file (2556 bytes))
2026-01-28 01:00:12,639 - Knowledge - INFO - Worker kw14 processing /app/data/T0015/311293/b477683/rest-api-311293/integrations-api/src/Controllers/Users/BulkUpdateUsersController.php
2026-01-28 01:00:12,987 - Knowledge - INFO - Fast-tracked /app/data/T0015/311293/b477683/rest-api-311293/integrations-api/src/Controllers/Vulnerabilities/GenerateVulnerabilityRemediationController.php (ext=.php, size=1402)
2026-01-28 01:00:13,033 - Knowledge - INFO - process ingested knowledge for /app/data/T0015/311293/b477683/rest-api-311293/integrations-api/src/Repositories/DocumentRepository.php
2026-01-28 01:00:13,034 - Knowledge - INFO - process ingested knowledge for /app/data/T0015/311293/b477683/rest-api-311293/integrations-api/src/Services/Security/DataEncryptor.php
2026-01-28 01:00:13,200 - Knowledge - INFO - Fast-tracked /app/data/T0015/311293/b477683/rest-api-311293/integrations-api/src/Database/CommandTestDataGenerator.php (small file (2357 bytes))
2026-01-28 01:00:13,222 - Knowledge - INFO - Worker kw3 processing /app/data/T0015/311293/b477683/rest-api-311293/integrations-api/src/Controllers/Vulnerabilities/CloneVulnerabilityController.php
2026-01-28 01:00:13,394 - Knowledge - INFO - Worker kw18 processing /app/data/T0015/311293/b477683/rest-api-311293/integrations-api/src/Controllers/Commands/AddCommandScheduleController.php
2026-01-28 01:00:13,727 - Knowledge - INFO - Worker kw20 processing /app/data/T0015/311293/b477683/rest-api-311293/integrations-api/src/Controllers/Controller.php
2026-01-28 01:00:13,874 - Knowledge - INFO - done ingest for /app/data/T0015/311293/b477683/rest-api-311293/integrations-api/src/Repositories/UserRepository.php
2026-01-28 01:00:13,976 - Knowledge - INFO - [kw9] Queue=55, InProgress=0, PendingWorkers=20/20, Completed=130/254 (51.2%)
2026-01-28 01:00:13,983 - Knowledge - INFO - [WEBSOCKET] Sent: Type=progress_update, Size: 292, Duration: 24ms
2026-01-28 01:00:14,069 - Knowledge - INFO - Async storage completed for 5 embeddings
2026-01-28 01:00:14,255 - Knowledge - INFO - Fast-tracked /app/data/T0015/311293/b477683/rest-api-311293/integrations-api/src/Controllers/Users/BulkUpdateUsersController.php (ext=.php, size=1325)
2026-01-28 01:00:14,418 - Knowledge - INFO - Worker kw5 processing /app/data/T0015/311293/b477683/rest-api-311293/integrations-api/src/Controllers/Vulnerabilities/GetVulnerabilitiesController.php
2026-01-28 01:00:14,506 - Knowledge - INFO - process ingested knowledge for /app/data/T0015/311293/b477683/rest-api-311293/integrations-api/src/Repositories/CustomFieldRepository.php
2026-01-28 01:00:14,635 - Knowledge - INFO - process ingested knowledge for /app/data/T0015/311293/b477683/rest-api-311293/integrations-api/src/Services/Security/AuthorisationService.php
2026-01-28 01:00:15,097 - Knowledge - INFO - Fast-tracked /app/data/T0015/311293/b477683/rest-api-311293/integrations-api/src/Controllers/Vulnerabilities/CloneVulnerabilityController.php (ext=.php, size=704)
2026-01-28 01:00:15,282 - Knowledge - INFO - Fast-tracked /app/data/T0015/311293/b477683/rest-api-311293/integrations-api/src/Controllers/Commands/AddCommandScheduleController.php (ext=.php, size=900)
2026-01-28 01:00:15,398 - Knowledge - INFO - Worker kw20 processing /app/data/T0015/311293/b477683/rest-api-311293/integrations-api/src/Controllers/System/SystemRouter.php
2026-01-28 01:00:15,629 - Knowledge - INFO - Batch sizing: calculated=4, max_allowed=10, queue=55, active_workers=20/20
2026-01-28 01:00:15,869 - Knowledge - INFO - Processing batch of 4 files
2026-01-28 01:00:15,869 - Knowledge - INFO - [WEBSOCKET] Sent: Type=unknown, Size: ?, Duration: 1958ms
2026-01-28 01:00:16,475 - Knowledge - INFO - Fast-tracked /app/data/T0015/311293/b477683/rest-api-311293/integrations-api/src/Controllers/Users/UpdateUserController.php (small file (2150 bytes))
2026-01-28 01:00:16,551 - Knowledge - INFO - Worker kw5 processing /app/data/T0015/311293/b477683/rest-api-311293/integrations-api/src/Controllers/Vulnerabilities/Categories/UpdateVulnerabilityCategoryController.php
2026-01-28 01:00:16,650 - Knowledge - INFO - process ingested knowledge for /app/data/T0015/311293/b477683/rest-api-311293/integrations-api/src/Repositories/ProjectRepository.php
2026-01-28 01:00:16,787 - Knowledge - INFO - Async storage completed for 5 embeddings
2026-01-28 01:00:16,787 - Knowledge - INFO - process ingested knowledge for /app/data/T0015/311293/b477683/rest-api-311293/integrations-api/src/Services/Reporting/WeeklyReportGenerator.php
2026-01-28 01:00:16,918 - Knowledge - INFO - Worker kw3 processing /app/data/T0015/311293/b477683/rest-api-311293/integrations-api/src/Controllers/Vulnerabilities/BulkUpdateVulnerabilitiesController.php
2026-01-28 01:00:17,042 - Knowledge - INFO - Async storage completed for 5 embeddings
2026-01-28 01:00:17,124 - Knowledge - INFO - Fast-tracked /app/data/T0015/311293/b477683/rest-api-311293/integrations-api/src/Controllers/Users/CreateUserActionController.php (small file (2222 bytes))
2026-01-28 01:00:17,342 - Knowledge - INFO - Fast-tracked /app/data/T0015/311293/b477683/rest-api-311293/integrations-api/src/Controllers/System/SystemRouter.php (ext=.php, size=304)
2026-01-28 01:00:17,511 - Knowledge - INFO - process ingested knowledge for /app/data/T0015/311293/b477683/rest-api-311293/integrations-api/src/ApiRouter.php
2026-01-28 01:00:17,674 - Knowledge - INFO - Progress: 51.2% | Files: 138/254 | Rate: 1.60 files/sec | Queue: 51
2026-01-28 01:00:17,722 - Knowledge - INFO - Processing batch of 4 files
2026-01-28 01:00:17,723 - Knowledge - INFO - [LLM_CALL] Completed: ReportRepository.php:chunk1, Duration: 26709ms, PromptTokens: 2370, CompletionTokens: 423, Cost: $0.00041
2026-01-28 01:00:17,782 - Knowledge - INFO - Async storage completed for 5 embeddings
2026-01-28 01:00:17,940 - Knowledge - INFO - Fast-tracked /app/data/T0015/311293/b477683/rest-api-311293/integrations-api/src/Controllers/Vulnerabilities/Categories/UpdateVulnerabilityCategoryController.php (ext=.php, size=1593)
2026-01-28 01:00:18,086 - Knowledge - INFO - process ingested knowledge for /app/data/T0015/311293/b477683/rest-api-311293/integrations-api/src/Repositories/Updateable.php
2026-01-28 01:00:18,743 - Knowledge - INFO - Fast-tracked /app/data/T0015/311293/b477683/rest-api-311293/integrations-api/src/Controllers/Vulnerabilities/BulkUpdateVulnerabilitiesController.php (ext=.php, size=1314)
2026-01-28 01:00:19,117 - Knowledge - INFO - Async storage completed for 5 embeddings
2026-01-28 01:00:19,317 - Knowledge - INFO - Worker kw20 processing /app/data/T0015/311293/b477683/rest-api-311293/integrations-api/src/Controllers/System/GetSystemHealthController.php
2026-01-28 01:00:19,579 - Knowledge - INFO - process ingested knowledge for /app/data/T0015/311293/b477683/rest-api-311293/integrations-api/src/Database/TaskTestDataGenerator.php
2026-01-28 01:00:19,593 - Knowledge - INFO - [kw16] Queue=51, InProgress=0, PendingWorkers=20/20, Completed=138/254 (54.3%)
2026-01-28 01:00:19,705 - Knowledge - INFO - process ingested knowledge for /app/data/T0015/311293/b477683/rest-api-311293/integrations-api/src/Database/ProjectTestDataGenerator.php
2026-01-28 01:00:19,913 - Knowledge - INFO - done ingest for /app/data/T0015/311293/b477683/rest-api-311293/integrations-api/src/Repositories/ReportRepository.php
2026-01-28 01:00:19,924 - Knowledge - INFO - [LLM_CALL] Completed: TaskResultProcessor.php:chunk1, Duration: 18359ms, PromptTokens: 3260, CompletionTokens: 637, Cost: $0.00058
2026-01-28 01:00:20,268 - Knowledge - INFO - Fast-tracked /app/data/T0015/311293/b477683/rest-api-311293/integrations-api/src/Controllers/Commands/UploadCommandOutputController.php (small file (2376 bytes))
2026-01-28 01:00:20,429 - Knowledge - INFO - Worker kw3 processing /app/data/T0015/311293/b477683/rest-api-311293/integrations-api/src/Controllers/Vulnerabilities/UpdateVulnerabilityController.php
2026-01-28 01:00:21,169 - Knowledge - INFO - Fast-tracked /app/data/T0015/311293/b477683/rest-api-311293/integrations-api/src/Controllers/System/GetSystemHealthController.php (ext=.php, size=1786)
2026-01-28 01:00:21,429 - Knowledge - INFO - Batch sizing: calculated=4, max_allowed=10, queue=51, active_workers=20/20
2026-01-28 01:00:21,510 - Knowledge - INFO - process ingested knowledge for /app/data/T0015/311293/b477683/rest-api-311293/integrations-api/src/Database/CommandTestDataGenerator.php
2026-01-28 01:00:21,544 - Knowledge - INFO - process ingested knowledge for /app/data/T0015/311293/b477683/rest-api-311293/integrations-api/src/Database/ConnectionFactory.php
2026-01-28 01:00:21,718 - Knowledge - INFO - done ingest for /app/data/T0015/311293/b477683/rest-api-311293/integrations-api/src/Tasks/TaskResultProcessor.php
2026-01-28 01:00:21,775 - Knowledge - INFO - Async storing batch of 5 embeddings
2026-01-28 01:00:21,793 - Knowledge - INFO - [LLM_CALL] Completed: KeycloakService.php:chunk1, Duration: 18539ms, PromptTokens: 2918, CompletionTokens: 713, Cost: $0.00058
2026-01-28 01:00:22,089 - Knowledge - INFO - Fast-tracked /app/data/T0015/311293/b477683/rest-api-311293/integrations-api/src/Controllers/Vulnerabilities/UpdateVulnerabilityController.php (ext=.php, size=1884)
2026-01-28 01:00:22,154 - Knowledge - INFO - Worker kw20 processing /app/data/T0015/311293/b477683/rest-api-311293/integrations-api/src/Controllers/Reports/SendReportController.php
2026-01-28 01:00:22,451 - Knowledge - INFO - process ingested knowledge for /app/data/T0015/311293/b477683/rest-api-311293/integrations-api/src/Database/UserTestDataGenerator.php
2026-01-28 01:00:22,711 - Knowledge - INFO - process ingested knowledge for /app/data/T0015/311293/b477683/rest-api-311293/integrations-api/src/Database/VulnerabilityTestDataGenerator.php
2026-01-28 01:00:22,919 - Knowledge - INFO - Worker kw9 processing /app/data/T0015/311293/b477683/rest-api-311293/integrations-api/src/Controllers/Reports/ReportsRouter.php
2026-01-28 01:00:23,060 - Knowledge - INFO - done ingest for /app/data/T0015/311293/b477683/rest-api-311293/integrations-api/src/Services/KeycloakService.php
2026-01-28 01:00:23,078 - Knowledge - INFO - [LLM_CALL] Completed: TaskRepository.php:chunk1, Duration: 36190ms, PromptTokens: 3296, CompletionTokens: 907, Cost: $0.00069
2026-01-28 01:00:23,165 - Knowledge - INFO - Async storage completed for 5 embeddings
2026-01-28 01:00:23,437 - Knowledge - INFO - Fast-tracked /app/data/T0015/311293/b477683/rest-api-311293/integrations-api/src/Controllers/Reports/SendReportController.php (ext=.php, size=1608)
2026-01-28 01:00:23,853 - Knowledge - INFO - Fast-tracked /app/data/T0015/311293/b477683/rest-api-311293/integrations-api/src/Controllers/Reports/ReportsRouter.php (ext=.php, size=319)
2026-01-28 01:00:24,098 - Knowledge - INFO - done ingest for /app/data/T0015/311293/b477683/rest-api-311293/integrations-api/src/Repositories/TaskRepository.php
2026-01-28 01:00:24,126 - Knowledge - INFO - Processing batch of 4 files
2026-01-28 01:00:24,144 - Knowledge - INFO - Processing batch of 4 files
2026-01-28 01:00:24,240 - Knowledge - INFO - process ingested knowledge for /app/data/T0015/311293/b477683/rest-api-311293/integrations-api/src/Database/NullColumnReplacer.php
2026-01-28 01:00:24,241 - Knowledge - INFO - Async storing batch of 5 embeddings
2026-01-28 01:00:24,266 - Knowledge - INFO - Processing batch of 4 files
2026-01-28 01:00:24,320 - Knowledge - INFO - Processing batch of 4 files
2026-01-28 01:00:24,343 - Knowledge - INFO - [kw1] Queue=47, InProgress=0, PendingWorkers=20/20, Completed=158/254 (62.2%)
2026-01-28 01:00:24,398 - Knowledge - INFO - Processing batch of 4 files
2026-01-28 01:00:24,437 - Knowledge - INFO - [WEBSOCKET] Sent: Type=progress_update, Size: 293, Duration: 0ms
2026-01-28 01:00:24,644 - Knowledge - INFO - Worker kw9 processing /app/data/T0015/311293/b477683/rest-api-311293/integrations-api/src/Integrations/GitterIntegration.php
2026-01-28 01:00:25,007 - Knowledge - INFO - process ingested knowledge for /app/data/T0015/311293/b477683/rest-api-311293/integrations-api/src/Controllers/Attachments/DownloadAttachmentController.php
2026-01-28 01:00:25,194 - Knowledge - INFO - process ingested knowledge for /app/data/T0015/311293/b477683/rest-api-311293/integrations-api/src/Controllers/Users/CreateUserActionController.php
2026-01-28 01:00:25,594 - Knowledge - INFO - Async storage completed for 5 embeddings
2026-01-28 01:00:25,651 - Knowledge - INFO - Worker kw16 processing /app/data/T0015/311293/b477683/rest-api-311293/integrations-api/packages/command-parsers-lib/composer.json
2026-01-28 01:00:25,864 - Knowledge - INFO - process ingested knowledge for /app/data/T0015/311293/b477683/rest-api-311293/integrations-api/src/Services/JwtPayloadCreator.php
2026-01-28 01:00:26,000 - Knowledge - INFO - process ingested knowledge for /app/data/T0015/311293/b477683/rest-api-311293/integrations-api/src/Services/QueryParams/OrderByRequestHandler.php
2026-01-28 01:00:26,132 - Knowledge - INFO - Batch sizing: calculated=4, max_allowed=10, queue=47, active_workers=20/20
2026-01-28 01:00:26,260 - Knowledge - INFO - process ingested knowledge for /app/data/T0015/311293/b477683/rest-api-311293/integrations-api/src/Controllers/Vulnerabilities/VulnerabilitiesRouter.php
2026-01-28 01:00:26,581 - Knowledge - INFO - Processing batch of 5 files
2026-01-28 01:00:26,638 - Knowledge - INFO - Fast-tracked /app/data/T0015/311293/b477683/rest-api-311293/integrations-api/src/Integrations/GitterIntegration.php (ext=.php, size=1694)
2026-01-28 01:00:26,709 - Knowledge - INFO - [WEBSOCKET] Sent: Type=unknown, Size: ?, Duration: 2325ms
2026-01-28 01:00:27,390 - Knowledge - INFO - Fast-tracked /app/data/T0015/311293/b477683/rest-api-311293/integrations-api/packages/command-parsers-lib/composer.json (ext=.json, size=1074)
2026-01-28 01:00:28,021 - Knowledge - INFO - process ingested knowledge for /app/data/T0015/311293/b477683/rest-api-311293/integrations-api/src/Controllers/Users/UpdateUserController.php
2026-01-28 01:00:28,041 - Knowledge - INFO - process ingested knowledge for /app/data/T0015/311293/b477683/rest-api-311293/integrations-api/src/Services/EmailService.php
2026-01-28 01:00:28,068 - Knowledge - INFO - process ingested knowledge for /app/data/T0015/311293/b477683/rest-api-311293/integrations-api/src/Services/KeycloakService.php
2026-01-28 01:00:28,140 - Knowledge - INFO - process ingested knowledge for /app/data/T0015/311293/b477683/rest-api-311293/integrations-api/src/Controllers/Vulnerabilities/CloneVulnerabilityController.php
2026-01-28 01:00:28,160 - Knowledge - INFO - process ingested knowledge for /app/data/T0015/311293/b477683/rest-api-311293/integrations-api/src/Controllers/Commands/UpdateCommandController.php
2026-01-28 01:00:28,226 - Knowledge - INFO - process ingested knowledge for /app/data/T0015/311293/b477683/rest-api-311293/integrations-api/src/Repositories/VulnerabilityCategoryRepository.php
2026-01-28 01:00:28,387 - Knowledge - INFO - Async storage completed for 5 embeddings
2026-01-28 01:00:28,528 - Knowledge - INFO - Worker kw9 processing /app/data/T0015/311293/b477683/rest-api-311293/integrations-api/config-schema.json
2026-01-28 01:00:28,805 - Knowledge - INFO - Progress: 60.6% | Files: 163/254 | Rate: 1.68 files/sec | Queue: 43
2026-01-28 01:00:28,899 - Knowledge - INFO - Worker kw16 processing /app/data/T0015/311293/b477683/rest-api-311293/integrations-api/packages/command-parsers-lib/src/ShcheckOutputProcessor.php
2026-01-28 01:00:28,900 - Knowledge - INFO - Async storing batch of 5 embeddings
2026-01-28 01:00:28,966 - Knowledge - INFO - [LLM_CALL] Completed: CommandScheduleRepository.php:chunk1, Duration: 44630ms, PromptTokens: 2304, CompletionTokens: 859, Cost: $0.00057
2026-01-28 01:00:29,270 - Knowledge - INFO - process ingested knowledge for /app/data/T0015/311293/b477683/rest-api-311293/integrations-api/src/Controllers/Users/UsersRouter.php
2026-01-28 01:00:29,301 - Knowledge - INFO - process ingested knowledge for /app/data/T0015/311293/b477683/rest-api-311293/integrations-api/src/Tasks/TaskResultProcessor.php
2026-01-28 01:00:29,313 - Knowledge - INFO - process ingested knowledge for /app/data/T0015/311293/b477683/rest-api-311293/integrations-api/src/Services/Filesystem/AttachmentSaver.php
2026-01-28 01:00:29,818 - Knowledge - INFO - process ingested knowledge for /app/data/T0015/311293/b477683/rest-api-311293/integrations-api/src/Controllers/Vulnerabilities/BulkUpdateVulnerabilitiesController.php
2026-01-28 01:00:29,854 - Knowledge - INFO - process ingested knowledge for /app/data/T0015/311293/b477683/rest-api-311293/integrations-api/src/Controllers/Commands/CommandsRouter.php
2026-01-28 01:00:29,860 - Knowledge - INFO - process ingested knowledge for /app/data/T0015/311293/b477683/rest-api-311293/integrations-api/src/Repositories/TaskRepository.php
2026-01-28 01:00:30,112 - Knowledge - INFO - Fast-tracked /app/data/T0015/311293/b477683/rest-api-311293/integrations-api/config-schema.json (ext=.json, size=3827)
2026-01-28 01:00:30,200 - Knowledge - INFO - [kw11] Queue=43, InProgress=0, PendingWorkers=20/20, Completed=163/254 (64.2%)
2026-01-28 01:00:30,329 - Knowledge - INFO - Fast-tracked /app/data/T0015/311293/b477683/rest-api-311293/integrations-api/packages/command-parsers-lib/src/ShcheckOutputProcessor.php (ext=.php, size=1683)
2026-01-28 01:00:30,430 - Knowledge - INFO - Worker kw1 processing /app/data/T0015/311293/b477683/rest-api-311293/integrations-api/packages/command-parsers-lib/src/Models/AssetKind.php
2026-01-28 01:00:30,533 - Knowledge - INFO - done ingest for /app/data/T0015/311293/b477683/rest-api-311293/integrations-api/src/Repositories/CommandScheduleRepository.php
2026-01-28 01:00:30,555 - Knowledge - INFO - [LLM_CALL] Completed: TestDataGenerator.php:chunk1, Duration: 16674ms, PromptTokens: 3082, CompletionTokens: 642, Cost: $0.00056
2026-01-28 01:00:30,662 - Knowledge - INFO - process ingested knowledge for /app/data/T0015/311293/b477683/rest-api-311293/integrations-api/src/Controllers/Users/BulkUpdateUsersController.php
2026-01-28 01:00:30,787 - Knowledge - INFO - process ingested knowledge for /app/data/T0015/311293/b477683/rest-api-311293/integrations-api/src/Tasks/EmailTaskProcessor.php
2026-01-28 01:00:30,890 - Knowledge - INFO - process ingested knowledge for /app/data/T0015/311293/b477683/rest-api-311293/integrations-api/src/Services/Cvss.php
2026-01-28 01:00:31,044 - Knowledge - INFO - process ingested knowledge for /app/data/T0015/311293/b477683/rest-api-311293/integrations-api/src/Controllers/Vulnerabilities/UpdateVulnerabilityController.php
2026-01-28 01:00:31,270 - Knowledge - INFO - process ingested knowledge for /app/data/T0015/311293/b477683/rest-api-311293/integrations-api/src/Controllers/Commands/AddCommandScheduleController.php
2026-01-28 01:00:31,365 - Knowledge - INFO - process ingested knowledge for /app/data/T0015/311293/b477683/rest-api-311293/integrations-api/src/Repositories/ProjectTemplateRepository.php
2026-01-28 01:00:31,476 - Knowledge - INFO - Worker kw9 processing /app/data/T0015/311293/b477683/rest-api-311293/integrations-api/config-template.json
2026-01-28 01:00:31,648 - Knowledge - INFO - Batch sizing: calculated=4, max_allowed=10, queue=43, active_workers=20/20
2026-01-28 01:00:31,798 - Knowledge - INFO - Worker kw16 processing /app/data/T0015/311293/b477683/rest-api-311293/integrations-api/packages/command-parsers-lib/src/AcunetixOutputProcessor.php
2026-01-28 01:00:31,993 - Knowledge - INFO - Fast-tracked /app/data/T0015/311293/b477683/rest-api-311293/integrations-api/packages/command-parsers-lib/src/Models/AssetKind.php (ext=.php, size=304)
2026-01-28 01:00:32,241 - Knowledge - INFO - done ingest for /app/data/T0015/311293/b477683/rest-api-311293/integrations-api/src/Database/TestDataGenerator.php
2026-01-28 01:00:32,307 - Knowledge - INFO - [LLM_CALL] Completed: ReportDataCollector.php:chunk1, Duration: 25791ms, PromptTokens: 3708, CompletionTokens: 676, Cost: $0.00064
2026-01-28 01:00:33,350 - Knowledge - INFO - Fast-tracked /app/data/T0015/311293/b477683/rest-api-311293/integrations-api/config-template.json (ext=.json, size=1514)
2026-01-28 01:00:33,743 - Knowledge - INFO - Fast-tracked /app/data/T0015/311293/b477683/rest-api-311293/integrations-api/packages/command-parsers-lib/src/AcunetixOutputProcessor.php (ext=.php, size=878)
2026-01-28 01:00:33,810 - Knowledge - INFO - Worker kw1 processing /app/data/T0015/311293/b477683/rest-api-311293/integrations-api/packages/command-parsers-lib/src/ZapOutputProcessor.php
2026-01-28 01:00:34,102 - Knowledge - INFO - done ingest for /app/data/T0015/311293/b477683/rest-api-311293/integrations-api/src/Services/Reporting/ReportDataCollector.php
2026-01-28 01:00:34,170 - Knowledge - INFO - [WEBSOCKET] Sent: Type=progress_update, Size: 293, Duration: 0ms
2026-01-28 01:00:34,268 - Knowledge - INFO - Async storage completed for 5 embeddings
2026-01-28 01:00:34,440 - Knowledge - INFO - Worker kw16 processing /app/data/T0015/311293/b477683/rest-api-311293/integrations-api/packages/command-parsers-lib/src/NessusOutputProcessor.php
2026-01-28 01:00:35,009 - Knowledge - INFO - Fast-tracked /app/data/T0015/311293/b477683/rest-api-311293/integrations-api/packages/command-parsers-lib/src/ZapOutputProcessor.php (ext=.php, size=1032)
2026-01-28 01:00:35,295 - Knowledge - INFO - [LLM_CALL] Completed: UpdateAttachmentController.php:chunk1, Duration: 21395ms, PromptTokens: 2392, CompletionTokens: 662, Cost: $0.00050
2026-01-28 01:00:35,751 - Knowledge - INFO - Fast-tracked /app/data/T0015/311293/b477683/rest-api-311293/integrations-api/packages/command-parsers-lib/src/NessusOutputProcessor.php (small file (2040 bytes))
2026-01-28 01:00:35,808 - Knowledge - INFO - Worker kw1 processing /app/data/T0015/311293/b477683/rest-api-311293/integrations-api/packages/command-parsers-lib/src/QualysOutputProcessor.php
2026-01-28 01:00:35,892 - Knowledge - INFO - process ingested knowledge for /app/data/T0015/311293/b477683/rest-api-311293/integrations-api/src/Repositories/ClientRepository.php
2026-01-28 01:00:35,993 - Knowledge - INFO - done ingest for /app/data/T0015/311293/b477683/rest-api-311293/integrations-api/src/Controllers/Attachments/UpdateAttachmentController.php
2026-01-28 01:00:36,043 - Knowledge - INFO - [WEBSOCKET] Sent: Type=unknown, Size: ?, Duration: 1919ms
2026-01-28 01:00:36,262 - Knowledge - INFO - Async storage completed for 5 embeddings
2026-01-28 01:00:36,416 - Knowledge - INFO - Worker kw1 processing /app/data/T0015/311293/b477683/rest-api-311293/integrations-api/packages/command-parsers-lib/src/BurpproOutputProcessor.php
2026-01-28 01:00:36,727 - Knowledge - INFO - [kw13] Queue=39, InProgress=0, PendingWorkers=20/20, Completed=165/254 (65.0%)
2026-01-28 01:00:36,813 - Knowledge - INFO - Progress: 64.2% | Files: 166/254 | Rate: 1.59 files/sec | Queue: 39
2026-01-28 01:00:36,824 - Knowledge - INFO - Async storing batch of 5 embeddings
2026-01-28 01:00:36,826 - Knowledge - INFO - [LLM_CALL] Completed: CommandUsageRepository.php:chunk1, Duration: 44559ms, PromptTokens: 2398, CompletionTokens: 685, Cost: $0.00051
2026-01-28 01:00:37,121 - Knowledge - INFO - Fast-tracked /app/data/T0015/311293/b477683/rest-api-311293/integrations-api/packages/command-parsers-lib/src/BurpproOutputProcessor.php (ext=.php, size=1733)
2026-01-28 01:00:37,250 - Knowledge - INFO - Batch sizing: calculated=4, max_allowed=10, queue=39, active_workers=20/20
2026-01-28 01:00:37,654 - Knowledge - INFO - Worker kw11 processing /app/data/T0015/311293/b477683/rest-api-311293/integrations-api/packages/command-parsers-lib/src/SubfinderOutputProcessor.php
2026-01-28 01:00:37,680 - Knowledge - INFO - process ingested knowledge for /app/data/T0015/311293/b477683/rest-api-311293/integrations-api/src/Repositories/UserRepository.php
2026-01-28 01:00:37,763 - Knowledge - INFO - done ingest for /app/data/T0015/311293/b477683/rest-api-311293/integrations-api/src/Repositories/CommandUsageRepository.php
2026-01-28 01:00:37,764 - Knowledge - INFO - [LLM_CALL] Completed: WordReportRenderer.php:chunk1, Duration: 34540ms, PromptTokens: 6176, CompletionTokens: 719, Cost: $0.00091
2026-01-28 01:00:37,958 - Knowledge - INFO - Fast-tracked /app/data/T0015/311293/b477683/rest-api-311293/integrations-api/packages/command-parsers-lib/src/QualysOutputProcessor.php (small file (2085 bytes))
2026-01-28 01:00:38,203 - Knowledge - INFO - Fast-tracked /app/data/T0015/311293/b477683/rest-api-311293/integrations-api/packages/command-parsers-lib/src/SubfinderOutputProcessor.php (ext=.php, size=969)
2026-01-28 01:00:38,560 - Knowledge - INFO - done ingest for /app/data/T0015/311293/b477683/rest-api-311293/integrations-api/src/Services/Reporting/Renderers/WordReportRenderer.php
2026-01-28 01:00:38,571 - Knowledge - INFO - [LLM_CALL] Completed: GetVulnerabilitiesController.php:chunk1, Duration: 14392ms, PromptTokens: 2280, CompletionTokens: 630, Cost: $0.00048
2026-01-28 01:00:38,658 - Knowledge - INFO - Async storage completed for 5 embeddings
2026-01-28 01:00:38,758 - Knowledge - INFO - Worker kw11 processing /app/data/T0015/311293/b477683/rest-api-311293/integrations-api/packages/command-parsers-lib/src/MetasploitOutputProcessor.php
2026-01-28 01:00:39,012 - Knowledge - INFO - [kw10] Queue=39, InProgress=0, PendingWorkers=20/20, Completed=169/254 (66.5%)
2026-01-28 01:00:39,012 - Knowledge - INFO - done ingest for /app/data/T0015/311293/b477683/rest-api-311293/integrations-api/src/Controllers/Vulnerabilities/GetVulnerabilitiesController.php
2026-01-28 01:00:39,034 - Knowledge - INFO - [LLM_CALL] Completed: UploadAttachmentController.php:chunk1, Duration: 26715ms, PromptTokens: 2180, CompletionTokens: 610, Cost: $0.00046
2026-01-28 01:00:39,237 - Knowledge - INFO - Fast-tracked /app/data/T0015/311293/b477683/rest-api-311293/integrations-api/packages/command-parsers-lib/src/MetasploitOutputProcessor.php (ext=.php, size=1297)
2026-01-28 01:00:39,381 - Knowledge - INFO - Batch sizing: calculated=4, max_allowed=10, queue=39, active_workers=20/20
2026-01-28 01:00:39,579 - Knowledge - INFO - done ingest for /app/data/T0015/311293/b477683/rest-api-311293/integrations-api/src/Controllers/Attachments/UploadAttachmentController.php
2026-01-28 01:00:39,586 - Knowledge - INFO - Async storing batch of 4 embeddings
2026-01-28 01:00:39,684 - Knowledge - INFO - Worker kw11 processing /app/data/T0015/311293/b477683/rest-api-311293/integrations-api/packages/command-parsers-lib/src/TestsslOutputProcessor.php
2026-01-28 01:00:39,738 - Knowledge - INFO - [LLM_CALL] Completed: VaultRepository.php:chunk1, Duration: 52849ms, PromptTokens: 3528, CompletionTokens: 879, Cost: $0.00070
2026-01-28 01:00:40,049 - Knowledge - INFO - Worker kw13 processing /app/data/T0015/311293/b477683/rest-api-311293/integrations-api/packages/command-parsers-lib/src/NmapOutputProcessor.php
2026-01-28 01:00:40,177 - Knowledge - INFO - Fast-tracked /app/data/T0015/311293/b477683/rest-api-311293/integrations-api/packages/command-parsers-lib/src/TestsslOutputProcessor.php (ext=.php, size=1821)
2026-01-28 01:00:40,262 - Knowledge - INFO - done ingest for /app/data/T0015/311293/b477683/rest-api-311293/integrations-api/src/Repositories/VaultRepository.php
2026-01-28 01:00:40,397 - Knowledge - INFO - Fast-tracked /app/data/T0015/311293/b477683/rest-api-311293/integrations-api/packages/command-parsers-lib/src/NmapOutputProcessor.php (ext=.php, size=1300)
2026-01-28 01:00:40,449 - Knowledge - INFO - Worker kw11 processing /app/data/T0015/311293/b477683/rest-api-311293/integrations-api/packages/command-parsers-lib/src/SqlmapOutputProcessor.php
2026-01-28 01:00:40,536 - Knowledge - INFO - Processing batch of 4 files
2026-01-28 01:00:40,563 - Knowledge - INFO - Processing batch of 4 files
2026-01-28 01:00:40,727 - Knowledge - INFO - Worker kw13 processing /app/data/T0015/311293/b477683/rest-api-311293/integrations-api/packages/command-parsers-lib/src/OpenvasOutputProcessor.php
2026-01-28 01:00:40,829 - Knowledge - INFO - Fast-tracked /app/data/T0015/311293/b477683/rest-api-311293/integrations-api/packages/command-parsers-lib/src/SqlmapOutputProcessor.php (ext=.php, size=1015)
2026-01-28 01:00:40,856 - Knowledge - INFO - Processing batch of 4 files
2026-01-28 01:00:41,004 - Knowledge - INFO - process ingested knowledge for /app/data/T0015/311293/b477683/rest-api-311293/integrations-api/src/Controllers/Reports/ReportsRouter.php
2026-01-28 01:00:41,094 - Knowledge - INFO - process ingested knowledge for /app/data/T0015/311293/b477683/rest-api-311293/integrations-api/packages/command-parsers-lib/composer.json
2026-01-28 01:00:41,270 - Knowledge - INFO - Processing batch of 5 files
2026-01-28 01:00:41,330 - Knowledge - INFO - Worker kw13 processing /app/data/T0015/311293/b477683/rest-api-311293/integrations-api/packages/command-parsers-lib/src/NucleiOutputProcessor.php
2026-01-28 01:00:41,457 - Knowledge - INFO - Async storage completed for 5 embeddings
2026-01-28 01:00:41,576 - Knowledge - INFO - process ingested knowledge for /app/data/T0015/311293/b477683/rest-api-311293/integrations-api/src/Database/NoteTestDataGenerator.php
2026-01-28 01:00:41,608 - Knowledge - INFO - [WEBSOCKET] Sent: Type=progress_update, Size: 272, Duration: 0ms
2026-01-28 01:00:42,095 - Knowledge - INFO - process ingested knowledge for /app/data/T0015/311293/b477683/rest-api-311293/integrations-api/src/Services/Reporting/Renderers/PlainTextReportRenderer.php
2026-01-28 01:00:42,221 - Knowledge - INFO - Fast-tracked /app/data/T0015/311293/b477683/rest-api-311293/integrations-api/packages/command-parsers-lib/src/NucleiOutputProcessor.php (ext=.php, size=1577)
2026-01-28 01:00:42,260 - Knowledge - INFO - process ingested knowledge for /app/data/T0015/311293/b477683/rest-api-311293/integrations-api/packages/command-parsers-lib/src/ShcheckOutputProcessor.php
2026-01-28 01:00:42,261 - Knowledge - INFO - [kw3] Queue=31, InProgress=0, PendingWorkers=20/20, Completed=190/254 (74.8%)
2026-01-28 01:00:42,280 - Knowledge - INFO - process ingested knowledge for /app/data/T0015/311293/b477683/rest-api-311293/integrations-api/src/Integrations/GitterIntegration.php
2026-01-28 01:00:42,311 - Knowledge - INFO - [kw14] Queue=31, InProgress=0, PendingWorkers=20/20, Completed=196/254 (77.2%)
2026-01-28 01:00:42,589 - Knowledge - INFO - process ingested knowledge for /app/data/T0015/311293/b477683/rest-api-311293/integrations-api/src/Database/MysqlServer.php
2026-01-28 01:00:42,607 - Knowledge - INFO - Async storing batch of 4 embeddings
2026-01-28 01:00:42,631 - Knowledge - INFO - [LLM_CALL] Completed: Controller.php:chunk1, Duration: 16080ms, PromptTokens: 2302, CompletionTokens: 794, Cost: $0.00055
2026-01-28 01:00:42,881 - Knowledge - INFO - Worker kw13 processing /app/data/T0015/311293/b477683/rest-api-311293/integrations-api/packages/command-parsers-lib/psalm.xml
2026-01-28 01:00:43,134 - Knowledge - INFO - process ingested knowledge for /app/data/T0015/311293/b477683/rest-api-311293/integrations-api/src/Services/Reporting/Renderers/WordReportRenderer.php
2026-01-28 01:00:43,135 - Knowledge - INFO - process ingested knowledge for /app/data/T0015/311293/b477683/rest-api-311293/integrations-api/packages/command-parsers-lib/src/AcunetixOutputProcessor.php
2026-01-28 01:00:43,214 - Knowledge - INFO - Batch sizing: calculated=4, max_allowed=10, queue=31, active_workers=20/20
2026-01-28 01:00:43,328 - Knowledge - INFO - process ingested knowledge for /app/data/T0015/311293/b477683/rest-api-311293/integrations-api/config-schema.json
2026-01-28 01:00:43,439 - Knowledge - INFO - Batch sizing: calculated=4, max_allowed=10, queue=31, active_workers=20/20
2026-01-28 01:00:43,525 - Knowledge - INFO - process ingested knowledge for /app/data/T0015/311293/b477683/rest-api-311293/integrations-api/src/Database/TestDataGenerator.php
2026-01-28 01:00:43,602 - Knowledge - INFO - Worker kw10 processing /app/data/T0015/311293/b477683/rest-api-311293/integrations-api/packages/command-parsers-lib/README.md
2026-01-28 01:00:43,685 - Knowledge - INFO - done ingest for /app/data/T0015/311293/b477683/rest-api-311293/integrations-api/src/Controllers/Controller.php
2026-01-28 01:00:43,686 - Knowledge - INFO - Processing batch of 4 files
2026-01-28 01:00:43,686 - Knowledge - INFO - Processing batch of 5 files
2026-01-28 01:00:43,686 - Knowledge - INFO - Processing batch of 4 files
2026-01-28 01:00:43,686 - Knowledge - INFO - Processing batch of 4 files
2026-01-28 01:00:43,686 - Knowledge - INFO - [WEBSOCKET] Sent: Type=unknown, Size: ?, Duration: 2078ms
2026-01-28 01:00:43,777 - Knowledge - INFO - Fast-tracked /app/data/T0015/311293/b477683/rest-api-311293/integrations-api/packages/command-parsers-lib/psalm.xml (ext=.xml, size=609)
2026-01-28 01:00:43,873 - Knowledge - INFO - process ingested knowledge for /app/data/T0015/311293/b477683/rest-api-311293/integrations-api/src/Services/Reporting/ReportGenerator.php
2026-01-28 01:00:43,965 - Knowledge - INFO - process ingested knowledge for /app/data/T0015/311293/b477683/rest-api-311293/integrations-api/packages/command-parsers-lib/src/NessusOutputProcessor.php
2026-01-28 01:00:44,124 - Knowledge - INFO - process ingested knowledge for /app/data/T0015/311293/b477683/rest-api-311293/integrations-api/config-template.json
2026-01-28 01:00:44,326 - Knowledge - INFO - process ingested knowledge for /app/data/T0015/311293/b477683/rest-api-311293/integrations-api/src/Controllers/Attachments/ServeAttachmentController.php
2026-01-28 01:00:44,452 - Knowledge - INFO - Fast-tracked /app/data/T0015/311293/b477683/rest-api-311293/integrations-api/packages/command-parsers-lib/README.md (ext=.md, size=782)
2026-01-28 01:00:44,637 - Knowledge - INFO - process ingested knowledge for /app/data/T0015/311293/b477683/rest-api-311293/integrations-api/src/Controllers/Commands/UploadCommandOutputController.php
2026-01-28 01:00:44,727 - Knowledge - INFO - process ingested knowledge for /app/data/T0015/311293/b477683/rest-api-311293/integrations-api/src/Repositories/CommandScheduleRepository.php
2026-01-28 01:00:44,808 - Knowledge - INFO - process ingested knowledge for /app/data/T0015/311293/b477683/rest-api-311293/integrations-api/src/Controllers/Attachments/UploadAttachmentController.php
2026-01-28 01:00:44,889 - Knowledge - INFO - process ingested knowledge for /app/data/T0015/311293/b477683/rest-api-311293/integrations-api/packages/command-parsers-lib/src/Models/AssetKind.php
2026-01-28 01:00:44,985 - Knowledge - INFO - Progress: 72.4% | Files: 205/254 | Rate: 1.82 files/sec | Queue: 23
2026-01-28 01:00:44,986 - Knowledge - INFO - Processing batch of 4 files
2026-01-28 01:00:44,986 - Knowledge - INFO - [kw18] Queue=23, InProgress=0, PendingWorkers=20/20, Completed=205/254 (80.7%)
2026-01-28 01:00:44,986 - Knowledge - INFO - Async storing batch of 4 embeddings
2026-01-28 01:00:44,986 - Knowledge - INFO - Processing batch of 4 files
2026-01-28 01:00:44,986 - Knowledge - INFO - Async storing batch of 4 embeddings
2026-01-28 01:00:44,987 - Knowledge - INFO - [WEBSOCKET] Sent: Type=progress_update, Size: 272, Duration: 0ms
2026-01-28 01:00:45,072 - Knowledge - INFO - Fast-tracked /app/data/T0015/311293/b477683/rest-api-311293/integrations-api/packages/command-parsers-lib/src/OpenvasOutputProcessor.php (small file (2787 bytes))
2026-01-28 01:00:45,151 - Knowledge - INFO - process ingested knowledge for /app/data/T0015/311293/b477683/rest-api-311293/integrations-api/src/Services/Reporting/TemplateProcessFactory.php
2026-01-28 01:00:45,580 - Knowledge - INFO - Worker kw10 processing /app/data/T0015/311293/b477683/rest-api-311293/integrations-api/packages/command-parsers-lib/tests/ShcheckOutputProcessorTest.php
2026-01-28 01:00:45,848 - Knowledge - INFO - process ingested knowledge for /app/data/T0015/311293/b477683/rest-api-311293/integrations-api/src/Controllers/Vulnerabilities/GenerateVulnerabilityRemediationController.php
2026-01-28 01:00:46,007 - Knowledge - INFO - process ingested knowledge for /app/data/T0015/311293/b477683/rest-api-311293/integrations-api/src/Repositories/VaultRepository.php
2026-01-28 01:00:46,060 - Knowledge - INFO - process ingested knowledge for /app/data/T0015/311293/b477683/rest-api-311293/integrations-api/packages/command-parsers-lib/src/ZapOutputProcessor.php
2026-01-28 01:00:46,060 - Knowledge - INFO - process ingested knowledge for /app/data/T0015/311293/b477683/rest-api-311293/integrations-api/src/Controllers/Attachments/UpdateAttachmentController.php
2026-01-28 01:00:46,061 - Knowledge - INFO - [kw8] Queue=23, InProgress=0, PendingWorkers=20/20, Completed=205/254 (80.7%)
2026-01-28 01:00:46,149 - Knowledge - INFO - process ingested knowledge for /app/data/T0015/311293/b477683/rest-api-311293/integrations-api/packages/command-parsers-lib/src/SubfinderOutputProcessor.php
2026-01-28 01:00:46,245 - Knowledge - INFO - Batch sizing: calculated=4, max_allowed=10, queue=23, active_workers=20/20
2026-01-28 01:00:46,342 - Knowledge - INFO - Worker kw3 processing /app/data/T0015/311293/b477683/rest-api-311293/integrations-api/packages/command-parsers-lib/tests/MetasploitsOutputProcessorTest.php
2026-01-28 01:00:46,447 - Knowledge - INFO - process ingested knowledge for /app/data/T0015/311293/b477683/rest-api-311293/integrations-api/src/Controllers/Controller.php
2026-01-28 01:00:46,522 - Knowledge - INFO - Worker kw14 processing /app/data/T0015/311293/b477683/rest-api-311293/integrations-api/packages/command-parsers-lib/tests/TestsslOutputProcessorTest.php
2026-01-28 01:00:46,605 - Knowledge - INFO - [kw4] Queue=23, InProgress=0, PendingWorkers=20/20, Completed=205/254 (80.7%)
2026-01-28 01:00:46,605 - Knowledge - INFO - [kw16] Queue=23, InProgress=0, PendingWorkers=20/20, Completed=205/254 (80.7%)
2026-01-28 01:00:46,605 - Knowledge - INFO - [kw15] Queue=23, InProgress=0, PendingWorkers=20/20, Completed=205/254 (80.7%)
2026-01-28 01:00:46,605 - Knowledge - INFO - [WEBSOCKET] Sent: Type=unknown, Size: ?, Duration: 1619ms
2026-01-28 01:00:46,684 - Knowledge - INFO - Async storage completed for 4 embeddings
2026-01-28 01:00:46,763 - Knowledge - INFO - process ingested knowledge for /app/data/T0015/311293/b477683/rest-api-311293/integrations-api/src/Services/Reporting/ReportDataCollector.php
2026-01-28 01:00:46,862 - Knowledge - INFO - Fast-tracked /app/data/T0015/311293/b477683/rest-api-311293/integrations-api/packages/command-parsers-lib/tests/ShcheckOutputProcessorTest.php (ext=.php, size=668)
2026-01-28 01:00:46,933 - Knowledge - INFO - process ingested knowledge for /app/data/T0015/311293/b477683/rest-api-311293/integrations-api/src/Controllers/Vulnerabilities/GetVulnerabilitiesController.php
2026-01-28 01:00:47,018 - Knowledge - INFO - process ingested knowledge for /app/data/T0015/311293/b477683/rest-api-311293/integrations-api/src/Repositories/ReportRepository.php
2026-01-28 01:00:47,115 - Knowledge - INFO - process ingested knowledge for /app/data/T0015/311293/b477683/rest-api-311293/integrations-api/packages/command-parsers-lib/src/QualysOutputProcessor.php
2026-01-28 01:00:47,205 - Knowledge - INFO - process ingested knowledge for /app/data/T0015/311293/b477683/rest-api-311293/integrations-api/src/Controllers/Attachments/GetAttachmentsController.php
2026-01-28 01:00:47,296 - Knowledge - INFO - Batch sizing: calculated=4, max_allowed=10, queue=23, active_workers=20/20
2026-01-28 01:00:47,390 - Knowledge - INFO - process ingested knowledge for /app/data/T0015/311293/b477683/rest-api-311293/integrations-api/packages/command-parsers-lib/src/MetasploitOutputProcessor.php
2026-01-28 01:00:47,590 - Knowledge - INFO - Fast-tracked /app/data/T0015/311293/b477683/rest-api-311293/integrations-api/packages/command-parsers-lib/tests/MetasploitsOutputProcessorTest.php (ext=.php, size=543)
2026-01-28 01:00:47,683 - Knowledge - INFO - process ingested knowledge for /app/data/T0015/311293/b477683/rest-api-311293/integrations-api/src/Controllers/System/SystemRouter.php
2026-01-28 01:00:47,767 - Knowledge - INFO - Fast-tracked /app/data/T0015/311293/b477683/rest-api-311293/integrations-api/packages/command-parsers-lib/tests/TestsslOutputProcessorTest.php (ext=.php, size=793)
2026-01-28 01:00:47,848 - Knowledge - INFO - Batch sizing: calculated=4, max_allowed=10, queue=23, active_workers=20/20
2026-01-28 01:00:47,928 - Knowledge - INFO - Batch sizing: calculated=4, max_allowed=10, queue=23, active_workers=20/20
2026-01-28 01:00:48,013 - Knowledge - INFO - Batch sizing: calculated=4, max_allowed=10, queue=23, active_workers=20/20
2026-01-28 01:00:48,134 - Knowledge - INFO - Progress: 80.7% | Files: 205/254 | Rate: 1.75 files/sec | Queue: 19
2026-01-28 01:00:48,134 - Knowledge - INFO - [kw9] Queue=19, InProgress=0, PendingWorkers=20/20, Completed=205/254 (80.7%)
2026-01-28 01:00:48,135 - Knowledge - INFO - Async storing batch of 4 embeddings
2026-01-28 01:00:48,244 - Knowledge - INFO - Processing batch of 4 files
2026-01-28 01:00:48,437 - Knowledge - INFO - Worker kw10 processing /app/data/T0015/311293/b477683/rest-api-311293/integrations-api/packages/command-parsers-lib/tests/AcunetixOutputProcessorTest.php
2026-01-28 01:00:48,528 - Knowledge - INFO - process ingested knowledge for /app/data/T0015/311293/b477683/rest-api-311293/integrations-api/src/Controllers/Vulnerabilities/Categories/UpdateVulnerabilityCategoryController.php
2026-01-28 01:00:48,617 - Knowledge - INFO - process ingested knowledge for /app/data/T0015/311293/b477683/rest-api-311293/integrations-api/src/Repositories/ContactRepository.php
2026-01-28 01:00:48,719 - Knowledge - INFO - process ingested knowledge for /app/data/T0015/311293/b477683/rest-api-311293/integrations-api/packages/command-parsers-lib/src/BurpproOutputProcessor.php
2026-01-28 01:00:48,808 - Knowledge - INFO - process ingested knowledge for /app/data/T0015/311293/b477683/rest-api-311293/integrations-api/src/Controllers/Attachments/AttachmentsRouter.php
2026-01-28 01:00:48,836 - Knowledge - INFO - [kw6] Queue=19, InProgress=0, PendingWorkers=20/20, Completed=209/254 (82.3%)
2026-01-28 01:00:48,896 - Knowledge - INFO - Async storing batch of 4 embeddings
2026-01-28 01:00:48,979 - Knowledge - INFO - process ingested knowledge for /app/data/T0015/311293/b477683/rest-api-311293/integrations-api/packages/command-parsers-lib/src/TestsslOutputProcessor.php
2026-01-28 01:00:49,060 - Knowledge - INFO - Worker kw3 processing /app/data/T0015/311293/b477683/rest-api-311293/integrations-api/packages/command-parsers-lib/tests/ZapOutputProcessorTest.php
2026-01-28 01:00:49,148 - Knowledge - INFO - process ingested knowledge for /app/data/T0015/311293/b477683/rest-api-311293/integrations-api/src/Controllers/System/GetSystemHealthController.php
2026-01-28 01:00:49,232 - Knowledge - INFO - Worker kw14 processing /app/data/T0015/311293/b477683/rest-api-311293/integrations-api/packages/command-parsers-lib/tests/SubfinderOutputProcessorTest.php
2026-01-28 01:00:49,318 - Knowledge - INFO - Async storing batch of 5 embeddings
2026-01-28 01:00:49,394 - Knowledge - INFO - Async storing batch of 4 embeddings
2026-01-28 01:00:49,472 - Knowledge - INFO - Async storing batch of 4 embeddings
2026-01-28 01:00:49,546 - Knowledge - INFO - [kw17] Queue=3, InProgress=0, PendingWorkers=20/20, Completed=209/254 (82.3%)
2026-01-28 01:00:49,664 - Knowledge - INFO - Batch sizing: calculated=4, max_allowed=10, queue=19, active_workers=20/20
2026-01-28 01:00:49,742 - Knowledge - INFO - Worker kw18 processing /app/data/T0015/311293/b477683/rest-api-311293/integrations-api/packages/command-parsers-lib/tests/NmapOutputProcessorTest.php
2026-01-28 01:00:49,840 - Knowledge - INFO - process ingested knowledge for /app/data/T0015/311293/b477683/rest-api-311293/integrations-api/packages/command-parsers-lib/src/NmapOutputProcessor.php
2026-01-28 01:00:49,961 - Knowledge - INFO - Fast-tracked /app/data/T0015/311293/b477683/rest-api-311293/integrations-api/packages/command-parsers-lib/tests/AcunetixOutputProcessorTest.php (ext=.php, size=602)
2026-01-28 01:00:50,143 - Knowledge - INFO - process ingested knowledge for /app/data/T0015/311293/b477683/rest-api-311293/integrations-api/src/Repositories/CommandUsageRepository.php
2026-01-28 01:00:50,413 - Knowledge - INFO - Batch sizing: calculated=4, max_allowed=10, queue=19, active_workers=20/20
2026-01-28 01:00:50,494 - Knowledge - INFO - Worker kw8 processing /app/data/T0015/311293/b477683/rest-api-311293/integrations-api/packages/command-parsers-lib/resources/acunetix.xml
2026-01-28 01:00:50,668 - Knowledge - INFO - process ingested knowledge for /app/data/T0015/311293/b477683/rest-api-311293/integrations-api/packages/command-parsers-lib/src/SqlmapOutputProcessor.php
2026-01-28 01:00:50,668 - Knowledge - INFO - [kw5] Queue=3, InProgress=0, PendingWorkers=20/20, Completed=209/254 (82.3%)
2026-01-28 01:00:50,683 - Knowledge - INFO - Fast-tracked /app/data/T0015/311293/b477683/rest-api-311293/integrations-api/packages/command-parsers-lib/tests/ZapOutputProcessorTest.php (ext=.php, size=600)
2026-01-28 01:00:50,809 - Knowledge - INFO - process ingested knowledge for /app/data/T0015/311293/b477683/rest-api-311293/integrations-api/src/Controllers/Reports/SendReportController.php
2026-01-28 01:00:50,809 - Knowledge - INFO - [kw1] Queue=3, InProgress=0, PendingWorkers=20/20, Completed=209/254 (82.3%)
2026-01-28 01:00:50,850 - Knowledge - INFO - Fast-tracked /app/data/T0015/311293/b477683/rest-api-311293/integrations-api/packages/command-parsers-lib/tests/SubfinderOutputProcessorTest.php (ext=.php, size=633)
2026-01-28 01:00:50,914 - Knowledge - INFO - [kw12] Queue=3, InProgress=0, PendingWorkers=20/20, Completed=209/254 (82.3%)
2026-01-28 01:00:50,937 - Knowledge - INFO - Worker kw4 processing /app/data/T0015/311293/b477683/rest-api-311293/integrations-api/packages/command-parsers-lib/resources/arachni-scanner.xml
2026-01-28 01:00:51,021 - Knowledge - INFO - Worker kw16 processing /app/data/T0015/311293/b477683/rest-api-311293/integrations-api/packages/command-parsers-lib/resources/burp-2.1.02.xml
2026-01-28 01:00:51,101 - Knowledge - INFO - Worker kw15 processing /app/data/T0015/311293/b477683/rest-api-311293/integrations-api/packages/command-parsers-lib/resources/metasploit.xml
2026-01-28 01:00:51,183 - Knowledge - INFO - Batch sizing: calculated=3, max_allowed=10, queue=3, active_workers=20/20
2026-01-28 01:00:51,270 - Knowledge - INFO - Async storing batch of 4 embeddings
2026-01-28 01:00:51,402 - Knowledge - INFO - Fast-tracked /app/data/T0015/311293/b477683/rest-api-311293/integrations-api/packages/command-parsers-lib/tests/NmapOutputProcessorTest.php (ext=.php, size=902)
2026-01-28 01:00:51,463 - Knowledge - WARNING - Timeout processing /app/data/T0015/311293/b477683/rest-api-311293/integrations-api/src/Repositories/VulnerabilityRepository.php after 90s - using fallback metadata
2026-01-28 01:00:51,473 - Knowledge - INFO - process ingested knowledge for /app/data/T0015/311293/b477683/rest-api-311293/integrations-api/packages/command-parsers-lib/src/OpenvasOutputProcessor.php
2026-01-28 01:00:51,560 - Knowledge - INFO - Worker kw10 processing /app/data/T0015/311293/b477683/rest-api-311293/integrations-api/packages/command-parsers-lib/tests/NessusOutputProcessorTest.php
2026-01-28 01:00:51,816 - Knowledge - INFO - Fast-tracked /app/data/T0015/311293/b477683/rest-api-311293/integrations-api/packages/command-parsers-lib/resources/acunetix.xml (ext=.xml, size=1710)
2026-01-28 01:00:52,024 - Knowledge - INFO - Batch sizing: calculated=3, max_allowed=10, queue=3, active_workers=19/20
2026-01-28 01:00:52,114 - Knowledge - INFO - Worker kw3 processing /app/data/T0015/311293/b477683/rest-api-311293/integrations-api/packages/command-parsers-lib/tests/QualysOutputProcessorTest.php
2026-01-28 01:00:52,278 - Knowledge - INFO - Batch sizing: calculated=3, max_allowed=10, queue=3, active_workers=19/20
2026-01-28 01:00:52,398 - Knowledge - INFO - Worker kw14 processing /app/data/T0015/311293/b477683/rest-api-311293/integrations-api/packages/command-parsers-lib/tests/SqlmapOutputProcessorTest.php
2026-01-28 01:00:52,476 - Knowledge - INFO - Batch sizing: calculated=3, max_allowed=10, queue=3, active_workers=17/20
2026-01-28 01:00:52,569 - Knowledge - INFO - Fast-tracked /app/data/T0015/311293/b477683/rest-api-311293/integrations-api/packages/command-parsers-lib/resources/arachni-scanner.xml (ext=.xml, size=703662)
2026-01-28 01:00:52,673 - Knowledge - INFO - Fast-tracked /app/data/T0015/311293/b477683/rest-api-311293/integrations-api/packages/command-parsers-lib/resources/burp-2.1.02.xml (ext=.xml, size=31529)
2026-01-28 01:00:52,763 - Knowledge - INFO - Fast-tracked /app/data/T0015/311293/b477683/rest-api-311293/integrations-api/packages/command-parsers-lib/resources/metasploit.xml (ext=.xml, size=414682)
2026-01-28 01:00:52,947 - Knowledge - INFO - Worker kw9 processing /app/data/T0015/311293/b477683/rest-api-311293/integrations-api/packages/command-parsers-lib/resources/nessus-2.xml
2026-01-28 01:00:53,037 - Knowledge - INFO - Worker kw18 processing /app/data/T0015/311293/b477683/rest-api-311293/integrations-api/packages/command-parsers-lib/tests/NucleiOutputProcessorTest.php
2026-01-28 01:00:53,164 - Knowledge - INFO - Processing batch of 5 files
2026-01-28 01:00:53,280 - Knowledge - INFO - process ingested knowledge for /app/data/T0015/311293/b477683/rest-api-311293/integrations-api/packages/command-parsers-lib/src/NucleiOutputProcessor.php
2026-01-28 01:00:53,382 - Knowledge - INFO - Fast-tracked /app/data/T0015/311293/b477683/rest-api-311293/integrations-api/packages/command-parsers-lib/tests/NessusOutputProcessorTest.php (ext=.php, size=1024)
2026-01-28 01:00:53,491 - Knowledge - INFO - Worker kw8 processing /app/data/T0015/311293/b477683/rest-api-311293/integrations-api/packages/command-parsers-lib/resources/openvas-test0.xml
2026-01-28 01:00:53,582 - Knowledge - INFO - [WEBSOCKET] Sent: Type=progress_update, Size: 273, Duration: 0ms
2026-01-28 01:00:53,667 - Knowledge - INFO - Fast-tracked /app/data/T0015/311293/b477683/rest-api-311293/integrations-api/packages/command-parsers-lib/tests/QualysOutputProcessorTest.php (ext=.php, size=714)
2026-01-28 01:00:53,874 - Knowledge - INFO - Fast-tracked /app/data/T0015/311293/b477683/rest-api-311293/integrations-api/packages/command-parsers-lib/tests/SqlmapOutputProcessorTest.php (ext=.php, size=564)
2026-01-28 01:00:54,056 - Knowledge - INFO - Worker kw4 processing /app/data/T0015/311293/b477683/rest-api-311293/integrations-api/packages/command-parsers-lib/resources/nmap-output-example.xml
2026-01-28 01:00:54,138 - Knowledge - INFO - Worker kw16 processing /app/data/T0015/311293/b477683/rest-api-311293/integrations-api/packages/command-parsers-lib/resources/qualys.xml
2026-01-28 01:00:54,262 - Knowledge - INFO - Worker kw15 processing /app/data/T0015/311293/b477683/rest-api-311293/integrations-api/packages/command-parsers-lib/resources/shcheck.json
2026-01-28 01:00:54,360 - Knowledge - INFO - Fast-tracked /app/data/T0015/311293/b477683/rest-api-311293/integrations-api/packages/command-parsers-lib/resources/nessus-2.xml (ext=.xml, size=508877)
2026-01-28 01:00:54,453 - Knowledge - INFO - Fast-tracked /app/data/T0015/311293/b477683/rest-api-311293/integrations-api/packages/command-parsers-lib/tests/NucleiOutputProcessorTest.php (ext=.php, size=574)
2026-01-28 01:00:54,573 - Knowledge - INFO - process ingested knowledge for /app/data/T0015/311293/b477683/rest-api-311293/integrations-api/src/Http/AuthMiddleware.php
2026-01-28 01:00:54,663 - Knowledge - INFO - process ingested knowledge for /app/data/T0015/311293/b477683/rest-api-311293/integrations-api/packages/command-parsers-lib/psalm.xml
2026-01-28 01:00:54,737 - Knowledge - INFO - Async storage completed for 4 embeddings
2026-01-28 01:00:54,849 - Knowledge - INFO - Fast-tracked /app/data/T0015/311293/b477683/rest-api-311293/integrations-api/packages/command-parsers-lib/resources/openvas-test0.xml (ext=.xml, size=21100)
2026-01-28 01:00:54,927 - Knowledge - INFO - [WEBSOCKET] Sent: Type=unknown, Size: ?, Duration: 1345ms
2026-01-28 01:00:55,003 - Knowledge - INFO - Worker kw3 processing /app/data/T0015/311293/b477683/rest-api-311293/integrations-api/packages/command-parsers-lib/tests/BurpproOutputProcessorTest.php
2026-01-28 01:00:55,083 - Knowledge - INFO - Worker kw14 processing /app/data/T0015/311293/b477683/rest-api-311293/integrations-api/packages/command-parsers-lib/tests/OpenvasOutputProcessorTest.php
2026-01-28 01:00:55,167 - Knowledge - INFO - Fast-tracked /app/data/T0015/311293/b477683/rest-api-311293/integrations-api/packages/command-parsers-lib/resources/nmap-output-example.xml (ext=.xml, size=6080)
2026-01-28 01:00:55,269 - Knowledge - INFO - Fast-tracked /app/data/T0015/311293/b477683/rest-api-311293/integrations-api/packages/command-parsers-lib/resources/qualys.xml (ext=.xml, size=702936)
2026-01-28 01:00:55,347 - Knowledge - INFO - Fast-tracked /app/data/T0015/311293/b477683/rest-api-311293/integrations-api/packages/command-parsers-lib/resources/shcheck.json (ext=.json, size=392)
2026-01-28 01:00:55,433 - Knowledge - INFO - Worker kw9 processing /app/data/T0015/311293/b477683/rest-api-311293/README.md
2026-01-28 01:00:55,566 - Knowledge - INFO - Worker kw18 processing /app/data/T0015/311293/b477683/rest-api-311293/integrations-api/packages/command-parsers-lib/tests/ParserTestCase.php
2026-01-28 01:00:55,661 - Knowledge - INFO - process ingested knowledge for /app/data/T0015/311293/b477683/rest-api-311293/integrations-api/src/Repositories/VulnerabilityRepository.php
2026-01-28 01:00:55,979 - Knowledge - INFO - Worker kw8 processing /app/data/T0015/311293/b477683/rest-api-311293/integrations-api/packages/command-parsers-lib/resources/zap-report-merged.xml
2026-01-28 01:00:56,065 - Knowledge - INFO - Progress: 84.3% | Files: 218/254 | Rate: 1.73 files/sec | Queue: 0
2026-01-28 01:00:56,066 - Knowledge - INFO - Processing batch of 4 files
2026-01-28 01:00:56,166 - Knowledge - INFO - Fast-tracked /app/data/T0015/311293/b477683/rest-api-311293/integrations-api/packages/command-parsers-lib/tests/BurpproOutputProcessorTest.php (ext=.php, size=545)
2026-01-28 01:00:56,273 - Knowledge - INFO - Fast-tracked /app/data/T0015/311293/b477683/rest-api-311293/integrations-api/packages/command-parsers-lib/tests/OpenvasOutputProcessorTest.php (ext=.php, size=2339)
2026-01-28 01:00:56,354 - Knowledge - INFO - Worker kw4 processing /app/data/T0015/311293/b477683/rest-api-311293/integrations-api/packages/command-parsers-lib/resources/testssl.json
2026-01-28 01:00:56,449 - Knowledge - INFO - Worker kw16 processing /app/data/T0015/311293/b477683/rest-api-311293/integrations-api/packages/command-parsers-lib/resources/burp-1.5.20-brief.xml
2026-01-28 01:00:56,549 - Knowledge - INFO - Worker kw15 processing /app/data/T0015/311293/b477683/rest-api-311293/integrations-api/packages/command-parsers-lib/resources/openvas-test1.xml
2026-01-28 01:00:56,632 - Knowledge - INFO - Fast-tracked /app/data/T0015/311293/b477683/rest-api-311293/README.md (ext=.md, size=1784)
2026-01-28 01:00:56,715 - Knowledge - INFO - Fast-tracked /app/data/T0015/311293/b477683/rest-api-311293/integrations-api/packages/command-parsers-lib/tests/ParserTestCase.php (ext=.php, size=302)
2026-01-28 01:00:56,792 - Knowledge - INFO - process ingested knowledge for /app/data/T0015/311293/b477683/rest-api-311293/integrations-api/src/Repositories/NotificationsRepository.php
2026-01-28 01:00:56,892 - Knowledge - INFO - Fast-tracked /app/data/T0015/311293/b477683/rest-api-311293/integrations-api/packages/command-parsers-lib/resources/zap-report-merged.xml (ext=.xml, size=44751)
2026-01-28 01:00:57,082 - Knowledge - INFO - process ingested knowledge for /app/data/T0015/311293/b477683/rest-api-311293/integrations-api/packages/command-parsers-lib/README.md
2026-01-28 01:00:57,175 - Knowledge - INFO - Async storage completed for 4 embeddings
2026-01-28 01:00:57,292 - Knowledge - INFO - Async storage completed for 4 embeddings
2026-01-28 01:00:57,409 - Knowledge - INFO - Fast-tracked /app/data/T0015/311293/b477683/rest-api-311293/integrations-api/packages/command-parsers-lib/resources/testssl.json (ext=.json, size=29832)
2026-01-28 01:00:57,496 - Knowledge - INFO - Fast-tracked /app/data/T0015/311293/b477683/rest-api-311293/integrations-api/packages/command-parsers-lib/resources/burp-1.5.20-brief.xml (ext=.xml, size=9160)
2026-01-28 01:00:57,569 - Knowledge - INFO - Fast-tracked /app/data/T0015/311293/b477683/rest-api-311293/integrations-api/packages/command-parsers-lib/resources/openvas-test1.xml (ext=.xml, size=309684)
2026-01-28 01:00:57,689 - Knowledge - INFO - Worker kw9 processing /app/data/T0015/311293/b477683/rest-api-311293/compose.yaml
2026-01-28 01:00:57,782 - Knowledge - INFO - Worker kw18 processing /app/data/T0015/311293/b477683/rest-api-311293/integrations-api/packages/command-parsers-lib/resources/burp-1.5.18.xml
2026-01-28 01:00:57,876 - Knowledge - INFO - process ingested knowledge for /app/data/T0015/311293/b477683/rest-api-311293/integrations-api/src/Repositories/Deletable.php
2026-01-28 01:00:57,966 - Knowledge - INFO - Worker kw8 processing /app/data/T0015/311293/b477683/rest-api-311293/integrations-api/packages/command-parsers-lib/resources/sqlmap-log-example.txt
2026-01-28 01:00:58,051 - Knowledge - INFO - process ingested knowledge for /app/data/T0015/311293/b477683/rest-api-311293/integrations-api/packages/command-parsers-lib/tests/ShcheckOutputProcessorTest.php
2026-01-28 01:00:58,134 - Knowledge - INFO - Processing batch of 4 files
2026-01-28 01:00:58,209 - Knowledge - INFO - Processing batch of 4 files
2026-01-28 01:00:58,285 - Knowledge - INFO - Worker kw4 processing /app/data/T0015/311293/b477683/rest-api-311293/integrations-api/packages/command-parsers-lib/resources/openvas-test2.xml
2026-01-28 01:00:58,387 - Knowledge - INFO - Worker kw16 processing /app/data/T0015/311293/b477683/rest-api-311293/integrations-api/packages/command-parsers-lib/resources/nessus-1.xml
2026-01-28 01:00:58,471 - Knowledge - INFO - Worker kw15 processing /app/data/T0015/311293/b477683/rest-api-311293/integrations-api/packages/command-parsers-lib/resources/acunetix-http.xml
2026-01-28 01:00:58,561 - Knowledge - INFO - Fast-tracked /app/data/T0015/311293/b477683/rest-api-311293/compose.yaml (ext=.yaml, size=1734)
2026-01-28 01:00:58,645 - Knowledge - INFO - Fast-tracked /app/data/T0015/311293/b477683/rest-api-311293/integrations-api/packages/command-parsers-lib/resources/burp-1.5.18.xml (ext=.xml, size=994742)
2026-01-28 01:00:58,732 - Knowledge - INFO - process ingested knowledge for /app/data/T0015/311293/b477683/rest-api-311293/integrations-api/src/Repositories/VulnerabilityTemplateRepository.php
2026-01-28 01:00:58,813 - Knowledge - INFO - Fast-tracked /app/data/T0015/311293/b477683/rest-api-311293/integrations-api/packages/command-parsers-lib/resources/sqlmap-log-example.txt (ext=.txt, size=4950)
2026-01-28 01:00:58,904 - Knowledge - INFO - process ingested knowledge for /app/data/T0015/311293/b477683/rest-api-311293/integrations-api/packages/command-parsers-lib/tests/AcunetixOutputProcessorTest.php
2026-01-28 01:00:58,988 - Knowledge - INFO - process ingested knowledge for /app/data/T0015/311293/b477683/rest-api-311293/integrations-api/packages/command-parsers-lib/tests/MetasploitsOutputProcessorTest.php
2026-01-28 01:00:59,067 - Knowledge - INFO - process ingested knowledge for /app/data/T0015/311293/b477683/rest-api-311293/integrations-api/packages/command-parsers-lib/tests/TestsslOutputProcessorTest.php
2026-01-28 01:00:59,169 - Knowledge - INFO - Fast-tracked /app/data/T0015/311293/b477683/rest-api-311293/integrations-api/packages/command-parsers-lib/resources/openvas-test2.xml (ext=.xml, size=64129)
2026-01-28 01:00:59,256 - Knowledge - INFO - Fast-tracked /app/data/T0015/311293/b477683/rest-api-311293/integrations-api/packages/command-parsers-lib/resources/nessus-1.xml (ext=.xml, size=961210)
2026-01-28 01:00:59,341 - Knowledge - INFO - Fast-tracked /app/data/T0015/311293/b477683/rest-api-311293/integrations-api/packages/command-parsers-lib/resources/acunetix-http.xml (ext=.xml, size=94310)
2026-01-28 01:00:59,460 - Knowledge - INFO - Async storage completed for 4 embeddings
2026-01-28 01:00:59,540 - Knowledge - INFO - Async storage completed for 4 embeddings
2026-01-28 01:00:59,738 - Knowledge - INFO - Async storage completed for 4 embeddings
2026-01-28 01:00:59,819 - Knowledge - INFO - process ingested knowledge for /app/data/T0015/311293/b477683/rest-api-311293/integrations-api/packages/command-parsers-lib/tests/NessusOutputProcessorTest.php
2026-01-28 01:00:59,911 - Knowledge - INFO - process ingested knowledge for /app/data/T0015/311293/b477683/rest-api-311293/integrations-api/packages/command-parsers-lib/tests/ZapOutputProcessorTest.php
2026-01-28 01:01:00,013 - Knowledge - INFO - process ingested knowledge for /app/data/T0015/311293/b477683/rest-api-311293/integrations-api/packages/command-parsers-lib/tests/SubfinderOutputProcessorTest.php
2026-01-28 01:01:00,110 - Knowledge - INFO - Async storage completed for 5 embeddings
2026-01-28 01:01:00,114 - Knowledge - INFO - [WEBSOCKET] Sent: Type=progress_update, Size: 272, Duration: 0ms
2026-01-28 01:01:00,203 - Knowledge - INFO - Async storage completed for 4 embeddings
2026-01-28 01:01:00,301 - Knowledge - INFO - Async storage completed for 4 embeddings
2026-01-28 01:01:00,864 - Knowledge - INFO - process ingested knowledge for /app/data/T0015/311293/b477683/rest-api-311293/integrations-api/packages/command-parsers-lib/tests/QualysOutputProcessorTest.php
2026-01-28 01:01:00,967 - Knowledge - INFO - process ingested knowledge for /app/data/T0015/311293/b477683/rest-api-311293/integrations-api/packages/command-parsers-lib/tests/SqlmapOutputProcessorTest.php
2026-01-28 01:01:01,059 - Knowledge - INFO - Processing batch of 3 files
2026-01-28 01:01:01,060 - Knowledge - INFO - Processing batch of 4 files
2026-01-28 01:01:01,061 - Knowledge - INFO - Processing batch of 4 files
2026-01-28 01:01:01,061 - Knowledge - INFO - Processing batch of 4 files
2026-01-28 01:01:01,061 - Knowledge - INFO - [WEBSOCKET] Sent: Type=unknown, Size: ?, Duration: 947ms
2026-01-28 01:01:01,378 - Knowledge - INFO - process ingested knowledge for /app/data/T0015/311293/b477683/rest-api-311293/integrations-api/packages/command-parsers-lib/tests/BurpproOutputProcessorTest.php
2026-01-28 01:01:01,522 - Knowledge - INFO - process ingested knowledge for /app/data/T0015/311293/b477683/rest-api-311293/integrations-api/packages/command-parsers-lib/tests/OpenvasOutputProcessorTest.php
2026-01-28 01:01:01,617 - Knowledge - INFO - process ingested knowledge for /app/data/T0015/311293/b477683/rest-api-311293/integrations-api/packages/command-parsers-lib/resources/nessus-2.xml
2026-01-28 01:01:01,707 - Knowledge - INFO - process ingested knowledge for /app/data/T0015/311293/b477683/rest-api-311293/integrations-api/packages/command-parsers-lib/tests/NmapOutputProcessorTest.php
2026-01-28 01:01:01,843 - Knowledge - INFO - process ingested knowledge for /app/data/T0015/311293/b477683/rest-api-311293/integrations-api/packages/command-parsers-lib/resources/acunetix.xml
2026-01-28 01:01:01,970 - Knowledge - INFO - process ingested knowledge for /app/data/T0015/311293/b477683/rest-api-311293/integrations-api/packages/command-parsers-lib/resources/arachni-scanner.xml
2026-01-28 01:01:02,058 - Knowledge - INFO - Progress: 89.0% | Files: 249/254 | Rate: 1.88 files/sec | Queue: 0
2026-01-28 01:01:02,059 - Knowledge - INFO - Processing batch of 4 files
2026-01-28 01:01:02,059 - Knowledge - INFO - Processing batch of 4 files
2026-01-28 01:01:02,489 - Knowledge - INFO - process ingested knowledge for /app/data/T0015/311293/b477683/rest-api-311293/README.md
2026-01-28 01:01:02,554 - Knowledge - INFO - process ingested knowledge for /app/data/T0015/311293/b477683/rest-api-311293/integrations-api/packages/command-parsers-lib/tests/NucleiOutputProcessorTest.php
2026-01-28 01:01:02,611 - Knowledge - INFO - process ingested knowledge for /app/data/T0015/311293/b477683/rest-api-311293/integrations-api/packages/command-parsers-lib/resources/openvas-test0.xml
2026-01-28 01:01:02,693 - Knowledge - INFO - process ingested knowledge for /app/data/T0015/311293/b477683/rest-api-311293/integrations-api/packages/command-parsers-lib/resources/nmap-output-example.xml
2026-01-28 01:01:02,864 - Knowledge - INFO - process ingested knowledge for /app/data/T0015/311293/b477683/rest-api-311293/integrations-api/packages/command-parsers-lib/resources/burp-2.1.02.xml
2026-01-28 01:01:02,953 - Knowledge - INFO - process ingested knowledge for /app/data/T0015/311293/b477683/rest-api-311293/integrations-api/packages/command-parsers-lib/resources/metasploit.xml
2026-01-28 01:01:03,035 - Knowledge - INFO - process ingested knowledge for /app/data/T0015/311293/b477683/rest-api-311293/compose.yaml
2026-01-28 01:01:03,116 - Knowledge - INFO - process ingested knowledge for /app/data/T0015/311293/b477683/rest-api-311293/integrations-api/packages/command-parsers-lib/tests/ParserTestCase.php
2026-01-28 01:01:03,236 - Knowledge - INFO - process ingested knowledge for /app/data/T0015/311293/b477683/rest-api-311293/integrations-api/packages/command-parsers-lib/resources/zap-report-merged.xml
2026-01-28 01:01:03,325 - Knowledge - INFO - process ingested knowledge for /app/data/T0015/311293/b477683/rest-api-311293/integrations-api/packages/command-parsers-lib/resources/testssl.json
2026-01-28 01:01:03,409 - Knowledge - INFO - process ingested knowledge for /app/data/T0015/311293/b477683/rest-api-311293/integrations-api/packages/command-parsers-lib/resources/qualys.xml
2026-01-28 01:01:03,503 - Knowledge - INFO - process ingested knowledge for /app/data/T0015/311293/b477683/rest-api-311293/integrations-api/packages/command-parsers-lib/resources/shcheck.json
2026-01-28 01:01:03,722 - Knowledge - INFO - process ingested knowledge for /app/data/T0015/311293/b477683/rest-api-311293/integrations-api/packages/command-parsers-lib/resources/burp-1.5.18.xml
2026-01-28 01:01:03,836 - Knowledge - INFO - process ingested knowledge for /app/data/T0015/311293/b477683/rest-api-311293/integrations-api/packages/command-parsers-lib/resources/sqlmap-log-example.txt
2026-01-28 01:01:03,862 - Knowledge - INFO - [WEBSOCKET] Sent: Type=progress_update, Size: 274, Duration: 0ms
2026-01-28 01:01:03,887 - Knowledge - INFO - process ingested knowledge for /app/data/T0015/311293/b477683/rest-api-311293/integrations-api/packages/command-parsers-lib/resources/openvas-test2.xml
2026-01-28 01:01:03,968 - Knowledge - INFO - process ingested knowledge for /app/data/T0015/311293/b477683/rest-api-311293/integrations-api/packages/command-parsers-lib/resources/burp-1.5.20-brief.xml
2026-01-28 01:01:04,054 - Knowledge - INFO - process ingested knowledge for /app/data/T0015/311293/b477683/rest-api-311293/integrations-api/packages/command-parsers-lib/resources/openvas-test1.xml
2026-01-28 01:01:04,338 - Knowledge - INFO - [WEBSOCKET] Sent: Type=unknown, Size: ?, Duration: 476ms
2026-01-28 01:01:04,642 - Knowledge - INFO - process ingested knowledge for /app/data/T0015/311293/b477683/rest-api-311293/integrations-api/packages/command-parsers-lib/resources/nessus-1.xml
2026-01-28 01:01:04,644 - Knowledge - INFO - process ingested knowledge for /app/data/T0015/311293/b477683/rest-api-311293/integrations-api/packages/command-parsers-lib/resources/acunetix-http.xml
2026-01-28 01:01:04,704 - Knowledge - INFO - Progress: 98.0% | Files: 249/254 | Rate: 1.83 files/sec | Queue: 0
2026-01-28 01:01:06,039 - Knowledge - WARNING - Timeout processing /app/data/T0015/311293/b477683/rest-api-311293/integrations-api/src/Repositories/TargetRepository.php after 90s - using fallback metadata
2026-01-28 01:01:06,240 - Knowledge - INFO - Processing batch of 5 files
2026-01-28 01:01:06,445 - Knowledge - INFO - process ingested knowledge for /app/data/T0015/311293/b477683/rest-api-311293/integrations-api/src/Repositories/TargetRepository.php
2026-01-28 01:01:06,618 - Knowledge - INFO - process ingested knowledge for /app/data/T0015/311293/b477683/rest-api-311293/integrations-api/src/Repositories/ProjectCategoriesRepository.php
2026-01-28 01:01:06,770 - Knowledge - INFO - process ingested knowledge for /app/data/T0015/311293/b477683/rest-api-311293/integrations-api/src/Repositories/Findable.php
2026-01-28 01:01:06,975 - Knowledge - INFO - process ingested knowledge for /app/data/T0015/311293/b477683/rest-api-311293/integrations-api/src/Repositories/VulnerabilityStatsRepository.php
2026-01-28 01:01:07,126 - Knowledge - INFO - process ingested knowledge for /app/data/T0015/311293/b477683/rest-api-311293/integrations-api/src/Repositories/AttachmentRepository.php
2026-01-28 01:01:07,689 - Knowledge - INFO - Knowledge creation complete
2026-01-28 01:01:07,875 - Knowledge - INFO - ==================================================
2026-01-28 01:01:08,065 - Knowledge - INFO - KNOWLEDGE GRAPH GENERATION PERFORMANCE SUMMARY
2026-01-28 01:01:08,229 - Knowledge - INFO - ==================================================
2026-01-28 01:01:08,432 - Knowledge - INFO - Total processing time: 140.28 seconds (2.34 minutes)
2026-01-28 01:01:08,631 - Knowledge - INFO - Files processed: 0
2026-01-28 01:01:08,842 - Knowledge - INFO - Processing rate: 0.00 files/second
2026-01-28 01:01:09,009 - Knowledge - INFO - 
[TIME_BREAKDOWN]
2026-01-28 01:01:09,178 - Knowledge - INFO - File Reading: 0.00s (0.0%)
2026-01-28 01:01:09,342 - Knowledge - INFO - LLM Processing: 707.87s (504.6%)
2026-01-28 01:01:09,510 - Knowledge - INFO - MongoDB Operations: 0.00s (0.0%)
2026-01-28 01:01:09,686 - Knowledge - INFO - Redis Operations: 0.00s (0.0%)
2026-01-28 01:01:09,846 - Knowledge - INFO - WebSocket Communication: 33.51s (23.9%)
2026-01-28 01:01:10,010 - Knowledge - INFO - 
[LLM_STATS]
2026-01-28 01:01:10,220 - Knowledge - INFO - Total LLM calls: 36
2026-01-28 01:01:10,379 - Knowledge - INFO - Average LLM response time: 19663ms
2026-01-28 01:01:10,607 - Knowledge - INFO - Average prompt tokens: 3338.1
2026-01-28 01:01:10,796 - Knowledge - INFO - Average completion tokens: 638.4
2026-01-28 01:01:10,964 - Knowledge - INFO - Total prompt tokens: 120170
2026-01-28 01:01:11,143 - Knowledge - INFO - Total completion tokens: 22984
2026-01-28 01:01:11,382 - Knowledge - INFO - Total LLM cost: $0.0212
2026-01-28 01:01:11,602 - Knowledge - INFO - 
[DATABASE_STATS]
2026-01-28 01:01:11,757 - Knowledge - INFO - MongoDB operations: 0
2026-01-28 01:01:11,936 - Knowledge - INFO - Redis operations: 0
2026-01-28 01:01:12,137 - Knowledge - INFO - 
[COMMUNICATION_STATS]
2026-01-28 01:01:12,340 - Knowledge - INFO - WebSocket messages sent: 29
2026-01-28 01:01:12,500 - Knowledge - INFO - Average message size: 143.0 bytes
2026-01-28 01:01:12,681 - Knowledge - INFO - 
[WORKER_STATS]
2026-01-28 01:01:12,839 - Knowledge - INFO - 
[FILE_TYPE_STATS]
2026-01-28 01:01:13,002 - Knowledge - INFO - 
[SLOWEST_FILES]
2026-01-28 01:01:13,168 - Knowledge - INFO - ==================================================
2026-01-28 01:01:13,348 - Knowledge - INFO - ==================================================
2026-01-28 01:01:13,555 - Knowledge - INFO - KNOWLEDGE GRAPH GENERATION PERFORMANCE SUMMARY
2026-01-28 01:01:13,736 - Knowledge - INFO - ==================================================
2026-01-28 01:01:13,908 - Knowledge - INFO - Total processing time: 145.82 seconds (2.43 minutes)
2026-01-28 01:01:14,070 - Knowledge - INFO - Files processed: 254 of 254
2026-01-28 01:01:14,277 - Knowledge - INFO - Processing rate: 1.74 files/second
2026-01-28 01:01:14,433 - Knowledge - INFO - WebSocket messages sent: 14
2026-01-28 01:01:14,592 - Knowledge - INFO - MongoDB operations: 254
2026-01-28 01:01:14,777 - Knowledge - INFO - Average MongoDB ops per file: 1.00
2026-01-28 01:01:14,944 - Knowledge - INFO - LLM costs: $0.0212
2026-01-28 01:01:15,147 - Knowledge - INFO - Prompt tokens: 120170
2026-01-28 01:01:15,308 - Knowledge - INFO - Completion tokens: 22984
2026-01-28 01:01:15,515 - Knowledge - INFO - Updating org costs, total cost: 0.021210600000000003
2026-01-28 01:01:16,667 - Knowledge - INFO - [WEBSOCKET] Sent: Type=progress_update, Size: 269, Duration: 0ms
2026-01-28 01:01:16,835 - Knowledge - INFO - Saving knowledge to Redis...
2026-01-28 01:01:17,247 - Knowledge - INFO - Knowledge saved to Redis successfully
